CODIGO,PRODUCTO
AS-12HR4SYRCA1-L,"A/A FRIO CALOR ON OFF 3000FG HISENSE + KIT DE INSTALACION, PILAS"
YK-4500FCIN,A/A SPLIT YORK 4500KCAL/H F/C CONVENCIONAL
YKINV-4500FC IN,A/A SPLIT YORK 4500KCAL/H F/C INVERTER
99911,ACOPLE C/ ROSCA PVC CAÑO GRIS 25 MM
00528,ACRILICO PROTECTOR DE LUMINARIA PUBLICA
00873,ADAPTADOR 2 TOMAS C/ TIERRA
00872,ADAPTADOR 4 TOMAS S/ TIERRA
00395,ADAPTADOR DE 3 PATAS
00870,ADAPTADOR FICHA HEMBRA ANTIGUA S/ TIERRA
00885,ADAPTADOR FICHA HEMBRA C/ TIERRA 10A BLANCO
00882,ADAPTADOR FICHA MACHO C/ TIERRA 10A
00884,ADAPTADOR FICHA MACHO C/ TIERRA 20A
00883,ADAPTADOR FICHA MACHO C/ TIERRA 20A
00869,ADAPTADOR FICHA MACHO S/ TIERRA 10A
00876,ADAPTADOR FICHA MACHO S/ TIERRA 10A*
01165,ADAPTADOR HP FINO 2 HP/60
00864,ADAPTADOR MACHO ANTIGUA CON TIERRA 10A
00865,ADAPTADOR MACHO ANTIGUA S/ TIERRA 10A
01175,ADAPTADOR MP G50 2 HP/FINO
00892,ADAPTADOR PARA TELEFONO RJ11
00867,ADAPTADOR TRIPLE 10A S/ TIERRA
99003,ADHESIVO INSTANTANEO LIQUIDO 2G
99091,AIRE ACONDIONACO CLIMAX 3000 FRIGORIAS
00018,"AISLANTE ARMAFLEX 1"""
00015,"AISLANTE ARMAFLEX 1/2"""
00013,"AISLANTE ARMAFLEX 1/4"""
00017,"AISLANTE ARMAFLEX 3/4"""
00014,"AISLANTE ARMAFLEX 3/8"""
00016,"AISLANTE ARMAFLEX 5/8"""
00087,ALAMBRE
01336,ALAMBRE GALVANIZADO
01249,ALTAVOZ INTEGRADO EGI AUDIO
7494,ALUSIN FRIO
55061,AMOLADORA ANGULAR 820W G720-AR BLACK+DECKER
00367,ANTENAS DE RADIO AFICIONADOS
00640,"ANTIEXPLOSIVO 1 1/2"""
00641,ANTIEXPLOSIVO 32MM
99123,APLIQUE DE PARED VIDRIO DIFUSOR CURVO CUADRADO - 2 PORTALAMPARAS - E27 - 22 CM
99124,APLIQUE DE PARED VIDRIO DIFUSOR CURVO REDONDO - 2 PORTALAMPARAS - E27
99120,APLIQUE DE TECHO SPOT BLANCO P/ 3 LAMPARAS C/ CAMPANAS METALICAS BASE REDONDA - CONECTOR E27
99117,APLIQUE DE TECHO SPOT NEGRO P/ 3 LAMPARAS C/ CAMPANAS METALICAS BASE REDONDA - CONECTOR E27
99106,APLIQUE DE TECHO SPOT NEGRO P/ 3 LAMPARAS C/ CAMPANAS VIDRIO CHICA - CONECTOR E27
99093,APLIQUE DIFUSOR PARED BIDIRECCIONAL CUADRADO NEGRO - CRISTAL EXTERNO - CONECTOR G9
99094,APLIQUE DIFUSOR PARED BIDIRECCIONAL RECTANGULAR BLANCO - CRISTAL PLANO Y CURVO - CONECTOR G9
99119,APLIQUE DOBLE SPOT BLANCO C/ CAMPANA METALICA - 2 PORTALAMPARA - CONECTOR E27
99116,APLIQUE DOBLE SPOT NEGRO C/ CAMPANA METALICA - 2 PORTALAMPARA - CONECTOR E27
99125,APLIQUE LAMPARA CUADRADA METALICA FRENTE CROMADO - 10GU - 9 CM
99118,APLIQUE SPOT METALICO BLANCO C/ CAMPANA DE VIDRIO DIFUSOR - 1 PORTALAMPARA - CONECTOR E27
99115,APLIQUE SPOT METALICO CROMADO C/ CAMPANA DE VIDRIO DIFUSOR - 1 PORTALAMPARA - CONECTOR E27
99089,ARANDELA 5/16 22MM
09997,ARANDELA 6X13X1
00041,ARO EMBELLECEDOR 65MM
00880,ARRANCADOR 60W
00881,ARRANCADOR 65W
ART150WEMB,ARTEFACTO 150W EMBUTIR LED REDONDO
01702,ARTEFACTO APLICAR REDONDO
01186,ARTEFACTO CUADRADO PARA EMBUTIR GENEVERE 24W
01192,ARTEFACTO EMBUTIR CUADRADO 18W LUZ DIA
00533,ARTEFACTO LISTON ARMADO TUBO FLUORESCENTE/LED GURINA
01177,"ARTEFACTO PARA APLICAR 18 "" REDONDO LUZ CALIDA USADA"
00527,ARTICULO LUMINARIA PUBLICA ESTANCO HIERRO
00388,AUTOTRANSFORMADOR / FUENTE DE ALIMENTACION S/CABLE TOP RANK 220V-110V 50W
00879,BALASTO ELECTRONICO
00996,BALASTO ELECTRONICO 40W
00385,BALASTRO EXTERIOR PARA LAMPARA DE SODIO 400W MA31400
01355,BANDEJA PORTA CABLE GALVANIZADA 1OX5
01357,BANDEJA PORTA CABLE GALVANIZADA 20X5MM
01358,BANDEJA PORTA CABLE GALVANIZADA 5X5
01356,BANDEJA PORTA CABLE GALVANIZADO 15X5
99170,BASE DE LAMPARA DE TECHO METALICA GRANDE PARA EMBUTIR 4 LUMINARIAS - 82 X 12 CM
99171,BASE DE LAMPARA DE TECHO METALICA MEDIANA PARA EMBUTIR 3 LUMINARIAS - 64 X 12 CM
99206,BASE METALICA DE LAMPARA P/ APLICAR 1 LUMINARIA Y CABLE TENSOR - 28 X 12 CM
99205,BASE METALICA DE LAMPARA P/ EMBUTIR 2 LUMINARIAS - 28 X 12 CM
00897,BASE PARA 1 MODULO
00896,BASE PARA 2 MODULOS
00420,BASE PARA 3 MODULOS
00422,BASE PARA 4 MODULOS
00668,BASE PARA 5 MODULOS / ELEMENTOS - SUPERFICIE
00400,BASTIDOR - TAPA ESTANCO 5X10CM BLANCO - 2 MODULOS - IP65 - VERONA
01042,BASTIDOR - TAPA ESTANCO 5X10CM CRISTAL - 2 MODULOS - IP65 - VERONA
00403,BASTIDOR 5*10 SLIGHT
00434,BASTIDOR ADAPTADOR PARA RIEL DIN 35MM 1 MODULO - BLANCO
01293,BASTIDOR ADAPTADOR PARA RIEL DIN 35MM 2 MODULOS - BLANCO
00413,BASTIDOR B.O MIGNON MIGNON 5X5CM 1 MODULO - NEGRO - VERONA
00236,BASTIDOR DE POLICARBONATO B.O 10X10 CM 6 MODULOS - NEGRO - VERONA
01240,BASTIDOR DE POLICARBONATO P/ CAJA 5X10CM RECTANGULAR - NEGRO
00894,BASTIDOR DOBLE APLICAR
01166,BASTIDOR NEGRO
00421,BASTIDOR TAPA VERONA 2000 5X10CM
00404,BASTIDORES CAMBRE
00401,BASTIDORES PLASNAVI
00402,BASTIDORES SHNEIDER
00313,"BATERIA RECARGABLE 2,8A"
01200,BLOQUE CONTRACTOR AUXILIAR 1NA
01210,BLOQUE DE CONTACTO O ENFRIADOR AUXILIAR
01154,BOBINA 2UV P/MINICONTACTOR
BOMBA45LTS,BOMBA DE AGUA QUNDA 40LTS/HS
01051,BOMBA DE CONDENSADO 500L/HS ASPEN
00369,BOMBA DE TANQUE DE CONDENSADO
01135,BORNERA 380V 12 16A
01127,BORNERA 38UU 12 POLOS 10A
01132,BORNERA BRONCE BIPOLAR 60A
01134,BORNERA BRONCE TETRAPOLAR 200A
01128,BORNERA BRONCE TETRAPOLAR 25A
01133,BORNERA BRONCE TRIPOLAR 100A
01131,BORNERA BRONCE TRIPOLAR 25A
01130,BORNERA BRONCE TRIPOLAR 25A
01129,BORNERA BRONCE TRIPOLAR 60A
01156,BORNERA BRONCE UNIPOLAR
01109,BORNERA DE PASO 16MM COLOR GRIS
01110,BORNERA DE PASO 16MM COLOR VERDE AMARILLO
00384,BOTONERA Y SEÑALIZACION
99068,BRAZO APLIQUE P/ ILUMINACION DE CALLE 25 CM BLANCO S/ LAMPARA
99061,BRAZO APLIQUE P/ ILUMINACION DE CALLE 30 CM S/ LAMPARA
99069,BRAZO APLIQUE P/ ILUMINACION DE CALLE 84 CM S/ LAMPARA
99087,"BULON HEXAGONAL 5/16 X 1"" / 25 MM"
99174,BURBUJA DE VIDRIO RANURADO COBERTURA TRANSPARENTE PARA LAMPARA DE ALUMBRADO PUBLICO
99173,BURBUJA PLASTICA COBERTURA TRANSPARENTE PARA LAMPARA DE ALUMBRADO PUBLICO
7495,BURLETE
01035,BUSCAPOLO
99181,CABEZAL 250 E PARA COLGANTE ALFA 2 - POLAR 1 - POLAR 2 - 250 W MERC -HALOGENA O SODIO - 220 VCA - FICHA E40 -
00904,CABLE 75 OHM
00043,CABLE CANAL 100X50MM 2M
99247,CABLE CANAL 20 X 10 CM C/ ADHESIVO - 2 METROS - TECNOCOM
99267,CABLE CANAL 20 X 20 MM X 2 MTS CON ADHESIVO - BLANCO
99268,CABLE CANAL 40 X 25 MM X 2 MTS CON ADHESIVO - BLANCO
99275,CABLE CANAL 40 X 40 MM X 2 MTS - RANURADO - ZOLODA
99266,CABLE CANAL 40 X 50 MM X 2 MTS SIN ADHESIVO - BLANCO
99080,CABLE CANAL 50 X 100 MM
00042,CABLE CANAL 70X50MM 2M
PISO75X17,CABLE CANAL PISO CANAL 75X17MM GRIS TIRA 2 MTS KALOP
01724,CABLE CANAL RANURADO 30X30 2M
99092,CABLE CANAL UNICANAL 100 X 50 MM - 2 METROS - BLANCO - ZOLODA
00903,CABLE COAXIAL RG59 /U CON FICHA 1.5M
01349,CABLE COAXIL TV
00901,CABLE CORTO TELEFONO C/FICHA
01625,CABLE DESNUDO DE COBRE 1X10 7 HILOS
01626,CABLE DESNUDO DE COBRE 1X16 7 HILOS
01627,CABLE DESNUDO DE COBRE 1X25 7 HILOS
01623,CABLE DESNUDO DE COBRE 1X4 7 HILOS
01624,CABLE DESNUDO DE COBRE 1X6 7 HILOS
01577,"CABLE FLEXIBLE TIPO TALLER 2X0,50 NEGRO"
00782,"CABLE FLEXIBLE TIPO TALLER 2X0,75"
01579,"CABLE FLEXIBLE TIPO TALLER 2X0,75 NEGRO"
00783,CABLE FLEXIBLE TIPO TALLER 2X1
01581,CABLE FLEXIBLE TIPO TALLER 2X1 NEGRO
01583,"CABLE FLEXIBLE TIPO TALLER 2X1,5 NEGRO"
01591,CABLE FLEXIBLE TIPO TALLER 2X10 NEGRO
01585,"CABLE FLEXIBLE TIPO TALLER 2X2,5 NEGRO"
01587,CABLE FLEXIBLE TIPO TALLER 2X4 NEGRO
01589,CABLE FLEXIBLE TIPO TALLER 2X6 NEGRO
01593,"CABLE FLEXIBLE TIPO TALLER 3X0,75 NEGRO"
01595,CABLE FLEXIBLE TIPO TALLER 3X1 NEGRO
01596,"CABLE FLEXIBLE TIPO TALLER 3X1,5 NEGRO"
01601,CABLE FLEXIBLE TIPO TALLER 3X10 NEGRO
01598,"CABLE FLEXIBLE TIPO TALLER 3X2,5 NEGRO"
01599,CABLE FLEXIBLE TIPO TALLER 3X4 NEGRO
01600,CABLE FLEXIBLE TIPO TALLER 3X6 NEGRO
01604,CABLE FLEXIBLE TIPO TALLER 4X1 NEGRO
01605,"CABLE FLEXIBLE TIPO TALLER 4X1,5 NEGRO"
01609,CABLE FLEXIBLE TIPO TALLER 4X10 NEGRO
01606,"CABLE FLEXIBLE TIPO TALLER 4X2,5 NEGRO"
01607,CABLE FLEXIBLE TIPO TALLER 4X4 NEGRO
01608,CABLE FLEXIBLE TIPO TALLER 4X6 NEGRO
01610,CABLE FLEXIBLE TIPO TALLER MULTIPOLAR 5X1 NEGRO
01611,"CABLE FLEXIBLE TIPO TALLER MULTIPOLAR 5X1,5 NEGRO"
01612,"CABLE FLEXIBLE TIPO TALLER MULTIPOLAR 5X2,5 NEGRO"
01347,CABLE PARALELO 2X1.5
00397,CABLE POWER 110V EN 8 P/ TRANSFORMADOR FICHA AMERICANA
01637,"CABLE SUBTERRANEO COBRE PVC/PVC 2X1,50"
01641,CABLE SUBTERRANEO COBRE PVC/PVC 2X10
01642,CABLE SUBTERRANEO COBRE PVC/PVC 2X16
01638,"CABLE SUBTERRANEO COBRE PVC/PVC 2X2,50"
01643,CABLE SUBTERRANEO COBRE PVC/PVC 2X25 (+16)
01644,CABLE SUBTERRANEO COBRE PVC/PVC 2X35 (+16)
01639,CABLE SUBTERRANEO COBRE PVC/PVC 2X4
01640,CABLE SUBTERRANEO COBRE PVC/PVC 2X6
01645,"CABLE SUBTERRANEO COBRE PVC/PVC 3X1,50"
01649,CABLE SUBTERRANEO COBRE PVC/PVC 3X10
01650,CABLE SUBTERRANEO COBRE PVC/PVC 3X16
01646,"CABLE SUBTERRANEO COBRE PVC/PVC 3X2,50"
01651,CABLE SUBTERRANEO COBRE PVC/PVC 3X25 (+16)
01652,CABLE SUBTERRANEO COBRE PVC/PVC 3X35 (+16)
01647,CABLE SUBTERRANEO COBRE PVC/PVC 3X4
01648,CABLE SUBTERRANEO COBRE PVC/PVC 3X6
01660,"CABLE SUBTERRANEO COBRE PVC/PVC 4X1,50"
01675,"CABLE SUBTERRANEO COBRE PVC/PVC 4X1,50 C/T"
01664,CABLE SUBTERRANEO COBRE PVC/PVC 4X10
01679,CABLE SUBTERRANEO COBRE PVC/PVC 4X10 C/T
01665,CABLE SUBTERRANEO COBRE PVC/PVC 4X16
01680,CABLE SUBTERRANEO COBRE PVC/PVC 4X16 C/T
01673,CABLE SUBTERRANEO COBRE PVC/PVC 4X185 (+95)
01661,"CABLE SUBTERRANEO COBRE PVC/PVC 4X2,50"
01676,"CABLE SUBTERRANEO COBRE PVC/PVC 4X2,50 C/T"
01674,CABLE SUBTERRANEO COBRE PVC/PVC 4X240 (+120)
01666,CABLE SUBTERRANEO COBRE PVC/PVC 4X25 (+16)
01667,CABLE SUBTERRANEO COBRE PVC/PVC 4X35 (+16)
01662,CABLE SUBTERRANEO COBRE PVC/PVC 4X4
01677,CABLE SUBTERRANEO COBRE PVC/PVC 4X4 C/T
01668,CABLE SUBTERRANEO COBRE PVC/PVC 4X50 (+16)
01663,CABLE SUBTERRANEO COBRE PVC/PVC 4X6
01678,CABLE SUBTERRANEO COBRE PVC/PVC 4X6 C/T
00786,CABLE UNIPOLAR FLEXIBLE 1X1 BLANCO
01408,CABLE UNIPOLAR FLEXIBLE 1X1 CELESTE
01410,CABLE UNIPOLAR FLEXIBLE 1X1 MARRON
01409,CABLE UNIPOLAR FLEXIBLE 1X1 NEGRO
01407,CABLE UNIPOLAR FLEXIBLE 1X1 ROJO
01411,CABLE UNIPOLAR FLEXIBLE 1X1 V/A
01412,"CABLE UNIPOLAR FLEXIBLE 1X1,5 BLANCO"
01414,"CABLE UNIPOLAR FLEXIBLE 1X1,5 CELESTE"
01416,"CABLE UNIPOLAR FLEXIBLE 1X1,5 MARRON"
01415,"CABLE UNIPOLAR FLEXIBLE 1X1,5 NEGRO"
01413,"CABLE UNIPOLAR FLEXIBLE 1X1,5 ROJO"
01417,"CABLE UNIPOLAR FLEXIBLE 1X1,5 V/A"
01436,CABLE UNIPOLAR FLEXIBLE 1X10 BLANCO
01438,CABLE UNIPOLAR FLEXIBLE 1X10 CELESTE
01440,CABLE UNIPOLAR FLEXIBLE 1X10 MARRON
01439,CABLE UNIPOLAR FLEXIBLE 1X10 NEGRO
01437,CABLE UNIPOLAR FLEXIBLE 1X10 ROJO
01441,CABLE UNIPOLAR FLEXIBLE 1X10 V/A
01471,CABLE UNIPOLAR FLEXIBLE 1X120 V/A
01472,CABLE UNIPOLAR FLEXIBLE 1X150 NEGRO
01473,CABLE UNIPOLAR FLEXIBLE 1X150 V/A
01442,CABLE UNIPOLAR FLEXIBLE 1X16 BLANCO
01444,CABLE UNIPOLAR FLEXIBLE 1X16 CELESTE
01446,CABLE UNIPOLAR FLEXIBLE 1X16 MARRON
01445,CABLE UNIPOLAR FLEXIBLE 1X16 NEGRO
01443,CABLE UNIPOLAR FLEXIBLE 1X16 ROJO
01447,CABLE UNIPOLAR FLEXIBLE 1X16 V/A
01474,CABLE UNIPOLAR FLEXIBLE 1X185 NEGRO
01475,CABLE UNIPOLAR FLEXIBLE 1X185 V/A
01418,"CABLE UNIPOLAR FLEXIBLE 1X2,5 BLANCO"
01420,"CABLE UNIPOLAR FLEXIBLE 1X2,5 CELESTE"
01422,"CABLE UNIPOLAR FLEXIBLE 1X2,5 MARRON"
01421,"CABLE UNIPOLAR FLEXIBLE 1X2,5 NEGRO"
01419,"CABLE UNIPOLAR FLEXIBLE 1X2,5 ROJO"
01423,"CABLE UNIPOLAR FLEXIBLE 1X2,5 V/A"
01424,CABLE UNIPOLAR FLEXIBLE 1X4 BLANCO
01426,CABLE UNIPOLAR FLEXIBLE 1X4 CELESTE
01428,CABLE UNIPOLAR FLEXIBLE 1X4 MARRON
01427,CABLE UNIPOLAR FLEXIBLE 1X4 NEGRO
01425,CABLE UNIPOLAR FLEXIBLE 1X4 ROJO
01429,CABLE UNIPOLAR FLEXIBLE 1X4 V/A
01430,CABLE UNIPOLAR FLEXIBLE 1X6 BLANCO
01432,CABLE UNIPOLAR FLEXIBLE 1X6 CELESTE
01434,CABLE UNIPOLAR FLEXIBLE 1X6 MARRON
01433,CABLE UNIPOLAR FLEXIBLE 1X6 NEGRO
01431,CABLE UNIPOLAR FLEXIBLE 1X6 ROJO
01435,CABLE UNIPOLAR FLEXIBLE 1X6 V/A
02006,CABLE UTP CAT 5E EXTERIOR
01694,CABLE UTP CAT 5E INTERIOR
014010000001VR,CAJA 1/2 TERMICOS P / EMBUTIR O EXT.
02013,CAJA ALOJE RED RJ45 SIMPLE - BLANCO CAMBRE
01310,CAJA BASE P/ APLICAR DE SUPERFICIE 5X10 CM PVC - BLANCO - VERONA
00538,CAJA CHAPA CUADRADA 10*10 CM
00537,CAJA CHAPA CUADRADA 5*5 CM MIÑON
00536,CAJA CHAPA OCTOGONAL CHICA 7*7 CM
00535,CAJA CHAPA OCTOGONAL GRANDE 9*9 CM
00539,CAJA CHAPA RECTANGULAR 5X10 CM
00596,CAJA DE PASO ANTIEXPLOSIVO 11X11
00591,"CAJA DE PASO ANTIEXPLOSIVO 11X7 1"" 1/2"
00593,CAJA DE PASO ANTIEXPLOSIVO 11X7 1/2
00592,CAJA DE PASO ANTIEXPLOSIVO 11X7 3/4
00594,CAJA DE PASO ANTIEXPLOSIVO 9X5 1/2
00595,CAJA DE PASO ANTIEXPLOSIVO 9X5 3/4
00678,CAJA DE PASO CHAPA 100*100*100
00723,CAJA DE PASO CHAPA 100*100*100
00680,CAJA DE PASO CHAPA 100*100*80
00672,CAJA DE PASO CHAPA 100*150*80
00688,CAJA DE PASO CHAPA 120*120*100
00673,CAJA DE PASO CHAPA 120*120*80
00676,CAJA DE PASO CHAPA 150*150*100
00677,CAJA DE PASO CHAPA 150*150*80
00690,CAJA DE PASO CHAPA 150*200*80
00671,CAJA DE PASO CHAPA 150*300*80
00692,CAJA DE PASO CHAPA 150*400*80
00689,CAJA DE PASO CHAPA 200*200*80
00691,CAJA DE PASO CHAPA 200*250*80
00675,CAJA DE PASO CHAPA 200*300*80
00674,CAJA DE PASO CHAPA 200*400*80
00694,CAJA DE PASO CHAPA 250*250*80
00693,CAJA DE PASO CHAPA 400*400*100
00698,CAJA DE PASO ESTANCA PVC 165*165*110
00695,CAJA DE PASO ESTANCA PVC 210*210*110
00697,CAJA DE PASO ESTANCA PVC 210*210*165
00696,CAJA DE PASO ESTANCA PVC 211*211*110
00029,CAJA DE PREINSTALACION DE AIRE ACONDICIONADO - GENROD
00922,CAJA ESTANCA PARA 1 BOTONERAS
00921,CAJA ESTANCA PARA 2 BOTONERAS
00920,CAJA ESTANCA PARA 3 BOTONERAS
00724,CAJA ESTANCA PVC 100*100*70
02032,CAJA ESTANCA PVC 110*110*50 IP65
00722,CAJA ESTANCA PVC 115*115*110
02033,CAJA ESTANCA PVC 115*115*55 IP65
00720,CAJA ESTANCA PVC 150*100*100
00719,CAJA ESTANCA PVC 150*100*70
00721,CAJA ESTANCA PVC 170*200*100
01711,CAJA ESTANCA PVC 20*20*10 INTERPERIE
00725,CAJA ESTANCA PVC 70*70
00726,CAJA ESTANCA PVC 70*70*40
00718,CAJA ESTANCA PVC 90*90*55
01290,CAJA ESTANCO DE CHAPA ALUMINIO 100*100*60 - IP 65
01291,CAJA ESTANCO DE CHAPA ALUMINIO 150*100*75 - IP 65
02040,CAJA ESTANCO DE CHAPA ALUMINIO 150*150*100 - IP 65
00699,CAJA ESTANCO DE CHAPA ALUMINIO 150*150*75 - IP 65
00714,CAJA ESTANCO PVC 310*310*110
00642,CAJA GALVANIZADA REDONDA ANTIEXPLOSIVA
01346,CAJA INSPECCION JABALINA REFORZADO PVC 15X15 C/TAPA
99090,CAJA IP54 C/ PULSADORES DE ARRANQUE Y PARADA - 32A - IEC 947 - 700032
00328,CAJA METALICA PARA INTERRUPTORES ROTATIVOS ELIBET
00653,CAJA PARA TOMA INDUSTRIAL 30*260*8 1-16A/ 1-32A
00652,CAJA PARA TOMA INDUSTRIAL 50*260*8 2-16A/ 2-32A
00651,CAJA PARA TOMA INDUSTRIAL 50*380*8 2-16A/ 2-32A
00650,"CAJA PARA TOMA INDUSTRIAL C/TAPA 2,16A/2,32A"
00030,CAJA PVC 4 BOCAS DIN IP 64
01350,CAJA PVC CUADRADA 10*10 CM
01351,CAJA PVC CUADRADA 5*5 CM MIÑON
01352,CAJA PVC OCTOGONAL 7 X 7 CM - P/ EMBUTIR - GENROD
01353,CAJA PVC OCTOGONAL GRANDE 9*9 CM
01354,CAJA PVC RECTANGULAR 5 X 10 CM - P/ EMBUTIR
01255,CAJA RECTANGULAR EXTERIOR BLANCA
01691,CAJA TERMICA DE EMBUTIR DE 18 A 36 MODULOS
01791,CAJA TERMICA DE EMBUTIR DE 2 A 4 MODULOS
00686,CAJA TERMICA DE EMBUTIR DE 6 A 12 MODULOS
00871,CAJA TERMICA DE SUPERFICIE DE 1 A 2 MODULOS
01681,CAJA TERMICA DE SUPERFICIE DE 12 A 24 MODULOS
00687,CAJA TERMICA DE SUPERFICIE DE 6 A 12 MODULOS
99172,CAMPANA DE LAMPARA BLANCA ALUMINIO - ALUMBRADO PUBLICO / INDUSTRIAL - FICHA E40
99175,CAMPANA P/ LAMPARA ALUMINIO S/ PORTALAMPARAS - 26 CM
99184,"CAMPANA P/ LAMPARA ALUMINIO S/ PORTALAMPARAS - 41,5 CM"
99183,CAMPANA P/ LAMPARA ALUMINIO S/ PORTALAMPARAS - 46 CM
99178,CAMPANA P/ LAMPARA ALUMINIO S/ PORTALAMPARAS GRANDE - 31 CM
99099,CAMPANA P/ VELADOR NEGRO ACABADO TELA
99210,CAMPANA P/ VELADOR ROJO ACABADO TELA
00007,"CAÑO COBRE 1"""
00003,"CAÑO COBRE 1/2"""
00001,"CAÑO COBRE 1/4"""
00005,"CAÑO COBRE 3/4"""
00002,"CAÑO COBRE 3/8"""
00004,"CAÑO COBRE 5/8"""
00006,"CAÑO COBRE 7/8"""
00622,"CAÑO CORRUGADO (00MM) 1/4"" NARANJA"
99897,"CAÑO CORRUGADO (16MM) 5/8"" NARANJA"
99898,"CAÑO CORRUGADO (16MM) 5/8"" NEGRO"
00623,"CAÑO CORRUGADO (20MM) 3/4"" BLANCO"
99280,"CAÑO CORRUGADO (20MM) 3/4"" BLANCO - TECNOCOM"
01272,"CAÑO CORRUGADO (20MM) 3/4"" NARANJA"
99899,"CAÑO CORRUGADO (20MM) 3/4"" NEGRO"
99281,"CAÑO CORRUGADO (22 MM) 7/8"" BLANCO - TECNOCOM"
01378,"CAÑO CORRUGADO (22MM) 7/8"" BLANCO"
01238,"CAÑO CORRUGADO (22MM) 7/8"" NARANJA"
99282,"CAÑO CORRUGADO (25 MM) 1"" BLANCO - TECNOCOM"
00619,"CAÑO CORRUGADO (25MM) 1"" BLANCO"
00620,"CAÑO CORRUGADO (25MM) 1"" NARANJA"
00621,"CAÑO CORRUGADO (32MM) 1"" 1/4 BLANCO"
99283,"CAÑO CORRUGADO (32MM) 1"" 1/4 BLANCO - GENROD"
00625,CAÑO CORRUGADO METALICO FLEXIBLE 3/4
00624,CAÑO CORRUGADO METALICO FLEXIBLE 7/8
01372,CAÑO DE CHAPA PARA FAROLA EXTERIOR
01732,CAÑO ELECTRICO METALICO 3/4
99290,"CAÑO GALVANIZADO 1 "" 1/2 FORRADO POR DENTRO Y FUERA - 3 METROS - PRIOLO"
01361,CAÑO GALVANIZADO 1 1/2
01364,CAÑO GALVANIZADO 1°
01363,CAÑO GALVANIZADO 3/4
01362,CAÑO GALVANIZADO 7/8
01373,CAÑO PARA BAJADA MONOFASICA
01374,CAÑO PARA BAJADA TRIFASICA
01395,CAÑO PVC 25MM GRIS
01375,CAÑO RIGIDO DE CHAPA 1 1/2 P.
01369,CAÑO RIGIDO DE CHAPA 1 1/4 P.
01368,CAÑO RIGIDO DE CHAPA 1P.
01370,"CAÑO RIGIDO DE CHAPA 2"""
02041,CAÑO RIGIDO DE CHAPA 3/4 .
01371,CAÑO RIGIDO DE CHAPA 5/16
01360,CAÑO RIGIDO DE CHAPA 7/8
01365,"CAÑO RIGIDO DE PVC 20 MM | 3/4""- 3 METROS"
01366,"CAÑO RIGIDO DE PVC 22 MM | 7/8 "" - 3 METROS"
01367,"CAÑO RIGIDO DE PVC 25 MM | 1 "" - 3 METROS"
00069,"CAPACITOR MARCHA 1,5MF"
CAP12MF,CAPACITOR MARCHA 12MF
00071,CAPACITOR MARCHA 2.5MF
01682,CAPACITOR MARCHA 25MF
01683,CAPACITOR MARCHA 25MF
00070,CAPACITOR MARCHA 2MF
00073,CAPACITOR MARCHA 30MF
00074,CAPACITOR MARCHA 35MF
00072,CAPACITOR MARCHA 3MF
00075,CAPACITOR MARCHA 40MF
00076,CAPACITOR MARCHA 45MF
00077,CAPACITOR MARCHA 50MF
00078,CAPACITOR MARCHA 55MF
00079,CAPACITOR MARCHA 60MF
02015,CAPACITOR MARCHA 6MF
NIT2MTS,CARGA DE NITROGENO
00747,CINTA AISLADORA ELECTRICA AUTO SOLDABLE SCOTCH 43 T
01380,CINTA AISLADORA TACSA PLUS X 10 MTS
01381,CINTA AISLADORA TACSA PLUS X 20 MTS
01379,CINTA AISLADORA TACSA PLUS X 5 MTS
00039,CINTA ALUMINIO
00038,CINTA DE PVC C/ADHESIVO
00123,CINTA DE PVC S/ADHESIVO
01167,CINTA DE USO GENERALES PARA REPARACIONES TACSA DUCTAC 48MM X 9M
01785,CINTA DOBLE FAZ DE ESPUMA 18MM X 2MM
02025,CINTA PASACABLE PLASTICA 10 MTS REFORZADO 4MM
02026,CINTA PASACABLE PLASTICA 15 MTS REFORZADO 4MM
02019,CLAVOS
01584,CODIGO DISPONIBLE
01586,CODIGO DISPONIBLE
01590,CODIGO DISPONIBLE
01588,CODIGO DISPONIBLE
01615,CODIGO DISPONIBLE
01618,CODIGO DISPONIBLE
01250,CODIGO DISPONIBLE
01602,CODIGO DISPONIBLE
01603,CODIGO DISPONIBLE
01223,CODO / PIPETA P/ BAJADA DE LUZ PVC
01720,"CODO 45"" DE 25MM"
00584,CODO ANTIEXPLOSIVO 3/4
00583,CODO ANTIEXPLOSIVO 7/8
01715,CODO COBRE 3/8
COD3/4COBRE,CODO DE COBRE DE 3/4
00645,CODO GALVANIZADO ANTIEXPLOSIVO 3/4
02043,COLGANTE INDUSTRIAL STAR PRO 150 L90 ~24.000 LM
02044,COLGANTE INDUSTRIAL UFO HIGHBAY FRIA 200W 26000LM
01239,COLGANTE PORTA LAMPARA E27 C/ROSCA
COM3000FG,COMBO INSTALACION ESTANDAR CON MATERIALES AA 3000FG
CO-COMBOLLAVEAPLICARPUNTODOBLE,COMBO LLAVE APLICAR PUNTO DOBLE
CO-LLAVEAPLICARPUNTODOBLECOMBI,COMBO LLAVE APLICAR PUNTO DOBLE COMBINACION
CO-COMBOLLAVEAPLICARPUNTOSIMPLE,COMBO LLAVE APLICAR PUNTO SIMPLE
CO-LLAVEAPLICARPUNTOSIMPLECOMBI,COMBO LLAVE APLICAR PUNTO SIMPLE COMBINACION
CO-LLAVEAPLICARPUNTOYTOMA,COMBO LLAVE APLICAR PUNTO Y TOMA
CO-LLAVEAPLICARPUNTOYTOMACOMBI,COMBO LLAVE APLICAR PUNTO Y TOMA COMBINACION
CO-LLAVEAPLICARTOMADOBLE,COMBO LLAVE APLICAR TOMA DOBLE
CO-LLAVEAPLICARTOMASIMPLE,COMBO LLAVE APLICAR TOMA SIMPLE
CO-LLAVEPUNTODOBLE,COMBO LLAVE PUNTO DOBLE
CO-LLAVEPUNTODOBLECOMBI,COMBO LLAVE PUNTO DOBLE COMBINACION
CO-COMBOLLAVEPUNTOTRIPLE,COMBO LLAVE PUNTO TRIPLE
CO-LLAVEPUNTOTRIPLECOMBI,COMBO LLAVE PUNTO TRIPLE COMBINACION
CO-LLAVEPUNTOTOMA,COMBO LLAVE PUNTO Y TOMA
CO-LLAVETOMADOBLE,COMBO LLAVE TOMA DOBLE
CO-LLAVETOMASIMPLE,COMBO LLAVE TOMA SIMPLE
99248,COMBO LLAVE TOMA SIMPLE 20A - JELUZ PLATINUM
CO-PUNTOYTOMACOMBI,COMBO PUNTO Y TOMA COMBINACION
COMPRESORHELADERA,COMPRESOR HELADERA
01774,CONCRETO
09996,CONECTOR A COMPRESION P/ PUESTA A TIERRA CCG-5
00634,CONECTOR A PRESION PARA TIERRA
99074,CONECTOR CODO BOQUILLA P/ DESAGUE DRENAJE UNIDAD EXTERIOR AIRE ACONDICIONADO
01198,CONECTOR DE CABLE 350 GRIS REMA
99932,CONECTOR ESTANCO BLANCO P/ CAÑO FLEXIBLE A CAJA 20 MM
99931,CONECTOR ESTANCO BLANCO P/ CAÑO FLEXIBLE A CAJA 22 MM
99930,CONECTOR ESTANCO BLANCO P/ CAÑO FLEXIBLE A CAJA 25 MM
99929,CONECTOR ESTANCO LARGO BLANCO P/ CAÑO FLEXIBLE A CAJA 25 MM IP65
99279,CONECTOR P/ TUBO RIGIDO Y CORREDERA 25 MM LH - GENROD
01311,CONECTOR PARA CAÑOS A PRESION
01112,"CONECTOR PARA DERIVACION 0,25/0,75MM"
99284,"CONECTOR PLASTICO 20 MM | 3/4 "" ECONOMICO - OVRA"
99285,"CONECTOR PLASTICO 22 MM | 7/8 "" ECONOMICO - OVRA"
00627,"CONECTOR PLASTICO 25 MM | 1 "" - ECONOMICO - OVRA"
99276,"CONECTOR PLASTICO 32 MM / 1 "" 1/4 - ECONOMICO - OVRA"
99286,"CONECTOR PLASTICO 50 MM / 2 "" - ECONOMICO - OVRA"
01221,"CONECTOR PVC 20 MM | 3/4 "" - GENROD"
00612,CONECTOR PVC 20MM IP65
00616,CONECTOR PVC 22 MM
00613,CONECTOR PVC 25MM IP65
99243,CONECTOR PVC 35MM
99239,CONECTOR PVC 50MM
00590,"CONECTORES ANTIEXPLOSIVOS 0,50 MM"
00589,"CONECTORES ANTIEXPLOSIVOS 0,75 MM"
00588,CONECTORES ANTIEXPLOSIVOS 100MM
99915,"CONECTORES DE CHAPA DE 1 1/2 """
99916,"CONECTORES DE CHAPA DE 1 1/4 """
00543,"CONECTORES DE CHAPA DE 1"""
99918,"CONECTORES DE CHAPA DE 1/2 """
00540,CONECTORES DE CHAPA DE 1/4
99914,"CONECTORES DE CHAPA DE 2 """
00541,CONECTORES DE CHAPA DE 3/4
99917,"CONECTORES DE CHAPA DE 5/8 """
00542,CONECTORES DE CHAPA DE 7/8
01697,CONJUNTO FIJACION
00060,CONJUNTO TACOS TORNILLOS PARA PLANTILLAS
00061,CONJUNTO TACOS TORNILLOS PARA PLANTILLAS/MENSULAS
99077,CONJUNTO TIRAFONDO Y TARUGO NRO 10
KVR0001,CONJUNTO VARILLAS ROSCADAS PARA PISO TECHO
00855,CONJUNTO ZOCALO CON CHICOTE P/TUBO LED
00318,CONTACTOR AUXILIAR MOD F4 02
00317,CONTACTOR AUXILIAR MOD F4 11
00319,CONTACTOR AUXILIAR MOD F4 20
00316,CONTACTOR AUXILIAR MOD F4 22
01396,CONTACTOR MODULAR 220V 10A
01770,CONTACTOR MODULAR 2X25A 220V
00314,CONTACTOR STECK 40 A 1 NA + 1 NC / SK140A11M
00297,CONTACTOR TETRAPOLAR 0910 220V
00296,CONTACTOR TETRAPOLAR 1210 220V
00299,CONTACTOR TETRAPOLAR 1210 24V
00295,CONTACTOR TETRAPOLAR 1810 220V
00294,CONTACTOR TETRAPOLAR 3210 220V
00298,CONTACTOR TETRAPOLAR 910 24V
00301,CONTACTOR TRIPOLAR 4011 220V
00300,CONTACTOR TRIPOLAR 6511 220V
99265,CONTROL REMOTO UNIVERSAL PARA AIRE ACONDICIONADO - K-1028E
00247CONTROL,CONTROL UNIVERSAL PARA AIRE ACONDICIONADO.
00878,CONVERTIDOR ELECTRONICO
00994,CONVERTIDOR ELECTRONICO
00237,COOLER TURBINA 80 X 80 SUNON 12V
01248,CORTA CAÑO CT 274
01034,CORTADORA DE CAÑOS
00582,CUPLA ANTIEXPLOSIVO 1 1/2MM
00578,CUPLA ANTIEXPLOSIVO 100MM
00579,CUPLA ANTIEXPLOSIVO 110 MM
00580,CUPLA ANTIEXPLOSIVO 3/4MM
00581,CUPLA ANTIEXPLOSIVO 7/8MM
00557,"CUPLA CHAPA DE 1 1/2"""""
00556,"CUPLA CHAPA DE 1 1/4"""
00554,"CUPLA CHAPA DE 1"""
99944,"CUPLA CHAPA DE 2"""
00570,"CUPLA CHAPA DE 3/4 """
00553,CUPLA CHAPA DE 5/8
00555,CUPLA CHAPA DE 7/8
CUPLA3/4COBRE,CUPLA DE COBRE DE 3/4
01218,CUPLA PVC 20 MM
01219,CUPLA PVC 22 MM
01220,CUPLA PVC 25 MM
00611,CUPLA PVC PARA EXTERIOR 20 MM
00601,CUPLA UNION DE BANDEJA 12 CM
00614,CUPLA UNION PVC 20 MM IP65
01710,CUPLA UNION PVC 22MM
00615,CUPLA UNION PVC 25 MM IP65
99913,CUPLA UNION PVC CAÑO GRIS 25 MM
99958,CURVA 45° PVC D20 P/ INSTALACION ELECTRICA
01173,CURVA 90° PVC D20 P/ INSTALACION ELECTRICA
00603,CURVA A 90 DE BANDEJA 10CM
00602,CURVA A 90 DE BANDEJA 15CM
02048,CURVA A 90 DE BANDEJA 20CM VERTICAL.
00604,CURVA A 90 DE BANDEJA 5CM
00607,CURVA ARTICULADA PARA BANDEJA 10 CM
00606,CURVA ARTICULADA PARA BANDEJA 5 CM
00605,CURVA ASCENDENTE A 90 5CM
00012,"CURVA COBRE 1"" 90º"
00009,CURVA COBRE 1/2 90º
00011,CURVA COBRE 3/4 90º
00008,CURVA COBRE 3/8 90º
00010,CURVA COBRE 5/8 90º
00565,"CURVA DE CHAPA DE 1 """
00564,"CURVA DE CHAPA DE 1 1/2"""
00563,"CURVA DE CHAPA DE 1 1/4"""
00561,CURVA DE CHAPA DE 1/4
00566,"CURVA DE CHAPA DE 2 """
00562,CURVA DE CHAPA DE 7/8 ELECTRICIDAD
00568,CURVA DE GALVANIZADA DE 20 MM
00567,CURVA DE GALVANIZADA DE 25 MM
00569,CURVA DE GALVANIZADA DE X MM
02047,CURVA PLANA A 90 DE BANDEJA 20CM HORIZONTAL
01215,CURVA PVC 20 MM
99287,"CURVA PVC 20 MM | 3/4 "" - GENROD"
01216,CURVA PVC 22 MM
99288,"CURVA PVC 22 MM | 7/8 "" - GENROD"
01217,CURVA PVC 25 MM
99289,"CURVA PVC 25 MM | 1 "" - GENROD"
09992,DERIVACION CODO EXTERNO ACCESORIO CABLE CANAL 15.5 X 7.5 MM
09987,DERIVACION CODO EXTERNO ACCESORIO CABLE CANAL 20 X 10 MM
09985,DERIVACION CODO EXTERNO ACCESORIO CABLE CANAL 20 X 10 X 15 MM
09994,DERIVACION CODO EXTERNO ACCESORIO CABLE CANAL 20 X 22 X 12 MM
09993,DERIVACION CODO INTERNO ACCESORIO CABLE CANAL 15.5 X 7.5 MM
09991,DERIVACION CODO INTERNO ACCESORIO CABLE CANAL 20 X 10 X 8.5 MM
09980,DERIVACION CODO INTERNO ACCESORIO CABLE CANAL BORDE CURVO 40 X 15 X 15 MM
09983,DERIVACION CODO LATERAL ACCESORIO CABLE CANAL 15.5 X 7.5 X 5 MM
09990,DERIVACION CODO LATERAL ACCESORIO CABLE CANAL 20 X 10 MM
09982,DERIVACION CODO LATERAL ACCESORIO CABLE CANAL BORDE CURVO 20 X 9 X 20 MM
09981,DERIVACION CODO LATERAL ACCESORIO CABLE CANAL BORDE CURVO 40 X 15 X 20 MM
09986,DERIVACION LINEAL / ACOPLE ACCESORIO CABLE CANAL 20 X 10 MM
09988,DERIVACION LINEAL / ACOPLE ACCESORIO CABLE CANAL 20 X 18 MM
09995,DERIVACION T ACCESORIO CABLE CANAL 20 X 22 MM
09989,DERIVACION T LATERAL ACCESORIO CABLE CANAL 15.5 X 7.5 MM
09984,DERIVACION T LATERAL ACCESORIO CABLE CANAL 15.5 X 7.5 X 5 MM
00908,DERIVADOR 2 VIAS
09972,DERIVADOR 2 VIAS TV JA 1000MHZ
09970,DERIVADOR 2 VIAS TV SPLITTER 900 MHZ
00907,DERIVADOR 3 VIAS
09973,DERIVADOR 3 VIAS TV JA 1000MHZ
09971,DERIVADOR 3 VIAS TV SPLITTER 900 MHZ
00905,DERIVADOR 4 VIAS TV JA 1000 MHZ
00906,DERIVADOR 4 VIAS TV SPLITTER 900 MHZ
09969,DERIVADOR PARA 2 RJ11 RED TELEFONICA
00893,DERIVADOR PARA 3 RJ11 RED TELEFONICA
01037,DESTORNILLADOR PHILIP SET X 3
01039,DESTORNILLADOR PLANO 4*200
01041,DESTORNILLADOR PLANO 4*75
01040,DESTORNILLADOR PLANO 5*150
01038,DESTORNILLADOR PLANO 9*150
01036,DESTORNILLADOR PLANO SET X 3
99113,DIFUSOR METALICO CURVADO BIDIRECCIONAL C/ BASE METALICA BLANCA P/ APLICAR - 27 X 12 CM - 1 PORTALAMPARA - CONECTOR E27
99114,DIFUSOR METALICO CURVADO BIDIRECCIONAL C/ BASE METALICA BLANCA P/ APLICAR - 32 X 12 CM - 1 PORTALAMPARA - CONECTOR E27
99237,DIFUSOR RECTANGULAR BIDIRECCIONAL P/ APLICAR EXTERIOR - NEGRO - 20 X 8.5 CM - FICHA GU10
99238,DIFUSOR RECTANGULAR C/ BASE BIDIRECCIONAL P/ APLICAR EXTERIOR - NEGRO - 14 X 12 X 7 CM - FICHA E27
01184,DISCO CORTE CARBOPREMIER 180MM
01183,DISCO DEBASTE CARBOPREMIER 115MM
01185,DISCO DEBASTE CARBOPREMIER 229MM
01181,DISCO DIAMANTADO 115MM
01182,DISCO FLAP 120 GRAMOS RHEIM 115MM
01709,DISYUNTOR TETRAPOLAR C50
01155,DRIVER LED CONSTAN CURRENT
99304,DRIVER PARA PANEL 12W CANDELA
99303,DRIVER PARA PANEL 18W CANDELA
99302,DRIVER PARA PANEL 24W CANDELA
99305,DRIVER PARA PANEL 6W CANDELA
00394,ELEVADOR DE CORTINAS MOTOR TIPO UNIVERSAL ILGA 15-220V-20A NRO 5
01273,ELEVADOR DE CORTINAS MOTOR TIPO UNIVERSAL ILGA NRO 16
00396,ENCLAVAMIENTO MECANICO (BLOQUEADOR) SICA
01213,ENCLAVAMIENTO MECANICO PARA CONTACTOR
00182,EQUIPO AA YORK PISO/TECHO 18000 KCAL INVERTER
00181,EQUIPO AA YORK PISO/TECHO18000 KCAL ON/OFF
00609,ESLABON UNIVERSAL PARA CURVA 10CM
00608,ESLABON UNIVERSAL PARA CURVA 5CM
ES01254,ESPUMA DE POLIURETANO
02035,ESTAÑO ZURICH 1 MM 60/40 ROLLO EN TUBO DE 17GR 3 METROS
01009,EXTRACTOR DE AIRE P/ BAÑO150/6
01280,EXTRACTOR DE BAÑO15*15CM 4 PULGADAS
99140,FAROLA APLICAR CUADRADA CONICA 3 LADOS C/ VIDRIADOS - NEGRO - 30 X 22 CM - CONECTOR E27
99133,FAROLA CON REJAS P/ APLICAR 3 LADOS VIDRIADOS - NEGRO - 37 X 23 CM - CONECTOR E27
99147,FAROLA CON REJAS P/ APLICAR SOBRE POSTE C/ 4 LADOS VIDRIADOS - NEGRO - 50 X 28 CM - CONECTOR E27
99145,FAROLA CUADRADA CONICA C/ 4 VIDRIOS Y BRAZO P/ APLICAR - NEGRO - 36 X 21 CM - CONECTOR E27
99192,"FAROLA CUADRADA CONICA C/ 4 VIDRIOS Y BRAZO P/ APLICAR C/ DOBLE FIJACION DISEÑO EN ""L"" GRANDE - NEGRO - CONECTOR E27"
99146,FAROLA CUADRADA CONICA ESTILO CLASICO C/ 4 VIDRIOS Y ARGOLLA PARA COLGAR - NEGRO - 45 X 22 CM - CONECTOR E27
99141,FAROLA HEXAGONAL CONICA 6 LADOS C/ VIDRIADOS C/ BRAZO SEMICIRCULAR - NEGRO - 30 X 22 CM - CONECTOR E27
99131,FAROLA HEXAGONAL P/ COLGAR 6 LADOS CONICA VIDRIADA C/ ARGOLLA SUPERIOR Y CADENA - NEGRO - 30 X 20 CM - CONECTOR E27
99132,FAROLA P/ APLICAR 3 LADOS VIDRIADOS - NEGRO - 36 X 23 CM - CONECTOR E27
99137,FAROLA P/ APLICAR TECHO 3 AGUAS C/ 3 LADOS VIDRIADOS - NEGRO - 25 X 20CM - CONECTOR E27
99122,FAROLA P/ COLGAR 4 LADOS CONICA VIDRIADA C/ ARGOLLA SUPERIOR - NEGRO - 40 X 21 CM - CONECTOR E27
99136,FAROLA P/ POSTE VERTICAL 4 LADOS VIDRIADOS - NEGRO - 41 X 30 CM - CONECTOR E27
ILUMFAR1,FAROLA PARA PARED DE CHAPA ESTILO COLONIAL 6LADOS C/VIDRIO
99138,FAROLA RECTANGULAR 3 LADOS C/ VIDRIO DIFUSOR - NEGRO - 26 X 18 CM - CONECTOR E27
99144,FAROLA RECTANGULAR C/ 4 VIDRIOS Y BRAZO P/ APLICAR - NEGRO - 24 X 15 CM - CONECTOR E27
99143,FAROLA RECTANGULAR C/ BASE CONICA C/ 4 VIDRIOS - NEGRO - 35 X 17 CM - CONECTOR E27
99142,FAROLA RECTANGULAR C/ BASE CONICA C/ 4 VIDRIOS DIFUSORES - NEGRO - 35 X 17 CM - CONECTOR E27
99134,FAROLA RECTANGULAR CON GANCHO - NEGRO - 19 X 11 CM - CONECTOR E27
99135,FAROLA RECTANGULAR CON GANCHO - NEGRO - 24 X 14 CM - CONECTOR E27
99139,FAROLA RECTANGULAR LARGA 4 LADOS C/ VIDRIO DIFUSOR SUPERIORES - NEGRO - 40 X 10 CM - CONECTOR E27
01734,FASTIX
01281,FICHA 20-25V 16A 2P
00353,FICHA 230V-32A 2P + T IP44 6H
01686,FICHA 400V 16A 3P + N +T
01685,FICHA 400V 32A 3P + N + T
00352,FICHA 400V-16A 3P + T IP44 6H
00351,FICHA 400V-32A 3P + T IP44 6H
01282,FICHA 415V -32A 3P+N+T
09968,FICHA CONECTOR ANTENA MACHO PIN FINO 300/75 OHMS
01330,FICHA ELECTRICA BIPOLAR + TIERRA 250V - 10A - BLANCO - MACHO
01329,FICHA ELECTRICA BIPOLAR + TIERRA 250VCA - 10A - SALIDA LATERAL
99201,FICHA ELECTRICA BIPOLAR MACHO + TIERRA -SALIDA LATERAL - 150VCA- 10A - BLANCO
00953,FICHA HEMBRA C/TIERRA 220V 16A
00954,FICHA HEMBRA C/TIERRA 220V 16A
00558,FICHA HEMBRA C/TIERRA 220V 16A BLANCO
00955,FICHA HEMBRA C/TIERRA 220V 32A
00956,FICHA HEMBRA C/TIERRA 380V 16A
00957,FICHA HEMBRA C/TIERRA 380V 16A
00958,FICHA HEMBRA C/TIERRA 380V 32A
00898,FICHA HEMBRA NEGRA C/T
99221,FICHA INDUSTRIAL - 2P+T 230V 32A - IP44 - 6H
99224,FICHA INDUSTRIAL - 3P+N+T 400V 16A - IP44 - 6H
99225,FICHA INDUSTRIAL - 3P+N+T 400V 32A - IP44 - 6H
99222,FICHA INDUSTRIAL - 3P+T 400V 16A - IP44 - 6H
99223,FICHA INDUSTRIAL - 3P+T 400V 32A - IP44 - 6H
00902,FICHA MACHO LATERAL BLANCA RICHI 10 AMP POR E631
00915,FICHA MACHO MONOFASICO C/T 220V 16A
00913,FICHA MACHO MONOFASICO C/T 220V 32A
00916,FICHA MACHO MONOFASICO S/T 220V 16A
00910,"FICHA MACHO PARA CONECTAR TV 5,5MM"
00911,FICHA MACHO SHANDU S/T
00914,FICHA MACHO TRIFASICO 380V 16A
00912,FICHA MACHO TRIFASICO 380V 32A
01164,FICHA P/3 VIAS REFORZADA PARA LAMPARA H4 ALTA Y BAJA
00909,FICHA PARA CABLE TV
01161,FICHA PARA RELAY 12V
FICHARCA,FICHA RCA METALICO PARA AUDIO
00886,FICHA RJ45 (RED)
09967,FICHA ZOCALO P/ RELAY INVERSOR 5 TERMINALES
00055,FILTRO MOLECULAR 10 G
00056,FILTRO MOLECULAR 15 G
00057,FILTRO MOLECULAR 20 G
01158,FILTRO PARA COMBUSTIBLE DB 0695
01151,FLORON DE CHAPA + CADENA
00842,FLORON PLASTICO CHICO
01159,FLORON PLASTICO COLOR BLANCO
00843,FLORON PLASTICO CONO
00841,FLORON PLASTICO GRANDE
00888,FLORON VEYKA COLO (REDONDO)
00679,"FLOTANTE ELECTRICO 1,5M"
00784,FLOTANTE ELECTRICO OUCOR 5M
00743,FLOTANTE MECANICO PARA BOMBA DE AGUA
14465FLUIDOLIMP,FLUIDO DE LIMPIEZA GP CREAL 100 1.3KG
01713,FORZADOR P/HELADERA
99261,FORZADOR PARA CONDESADORA 34W
99075,FOTOCELULA / FOTOCONTROL UNIVERSAL SENSOR DE LUZ - 220V - 10A
02023,FOTOCELULA 1500W TODO TIPO LAMP 3 CABLES
00742,FOTOCELULA C/ PORTALAMPARA E27
01708,FOTOCELULA DE 3 CABLES
00746,FOTOCELULA PARA ZOCALO NEMA 10A
00991,FOTOCONTROL UNIVERSAL
02046,FUENTE 20A
02045,FUENTE 5A
01194,"FUENTE AC/DC 12V 1,25A"
01195,FUENTE AC/DC 12V 4A
00390,FUENTE DE ALIMENTACION / SWITCHING PRONEXT 12V-1000MA 5.5 X 2.1 MM
00392,FUENTE DE ALIMENTACION INTERLEC 220V-500MA ADAPTADOR UNIVERSAL AC-DC 6 SALIDAS 12W
00391,"FUENTE DE ALIMENTACION PRONEXT 220V-800MA-3/4,5/6/7,5/9/12 MULTIVOLTAGE C/ ADAPTADOR UNIVERSAL"
09979,"FUENTE DE ALIMENTACION PRONEXT 220V-800MA-3/4,5/6/7,5/9/12 MULTIVOLTAGE SIN ADAPTADOR"
00389,FUENTE DE ALIMENTACION WORDL LEDS GO 12V-2A
00560,FUENTE PARA TIRA LED
99307,FUENTE PARA TIRA LED 12V-60W - INTERIOR - CANDELA
01137,FUENTE SWITCHING TRANSFORMADOR LP1050D-24S
00998,FUSIBLE 5*20MM 1 A
01003,FUSIBLE 5*20MM 10 A
01004,FUSIBLE 5*20MM 20A
00999,FUSIBLE 5*20MM 2A
01000,FUSIBLE 5*20MM 3A
01001,FUSIBLE 5*20MM 4A
01002,FUSIBLE 5*20MM 6A
01007,FUSIBLE 6*30MM 10A
09978,FUSIBLE 6*30MM 1A
01008,FUSIBLE 6*30MM 20A
01005,FUSIBLE 6*30MM 2A
01006,FUSIBLE 6*30MM 3A
01163,FUSIBLE 60A
00324,FUSIBLE 80A SIEMENS
00716,GABINETA LINEA ECONOMICA 150*290*110 (12 MODULOS)
01376,GABINETE CAJA P/ MEDIDOR MONOFASICO - PVC
99278,GABINETE CAJA P/ MEDIDOR TRIFASICO - SIN RESET - PVC
00728,GABINETE DE CHAPA EMBUTIR 2 BOCAS
00704,GABINETE DE CHAPA PARA EMBUTIR 10 BOCAS (1X10) 215*160*90
00717,GABINETE DE CHAPA PARA EMBUTIR 14 BOCAS (2X12) 320*160*90
00706,GABINETE DE CHAPA PARA EMBUTIR 20 BOCAS (2X10) 215*300*90
00707,GABINETE DE CHAPA PARA EMBUTIR 20 BOCAS (2X10) 220*310*90
00700,GABINETE DE CHAPA PARA EMBUTIR 28 BOCAS (2X14) 320*300*90
00703,GABINETE DE CHAPA PARA EMBUTIR 4 BOCAS (1X4) 105*160*90
00701,GABINETE DE CHAPA PARA EMBUTIR 42 BOCAS (3X14) 320*440*90
00702,GABINETE DE CHAPA PARA EMBUTIR 44 BOCAS (2X22) 460*280*90
01343,GABINETE DE CHAPA PARA EMBUTIR 54 BOCAS
00705,GABINETE DE CHAPA PARA EMBUTIR 6 BOCAS (1X6) 140*160*90
00710,GABINETE ESTANCO 300*450*150
00712,GABINETE ESTANCO 450*450*225
01180,GABINETE ESTANCO 450X450X225MM IP65 NOLLBOX
00713,GABINETE ESTANCO 495*395*155
00663,GABINETE ESTANCO ESTANCO VERSATIL CON SIST DIN 300*200*100 (1X10 BOCAS)
01189,GABINETE ESTANCO ESTANCO VERSATIL CON SIST DIN 300*450*150 (3X10 BOCAS)
00662,GABINETE ESTANCO EXTRA CHATA 300*170*80 (1X10 BOCAS)
00654,GABINETE ESTANCO EXTRA CHATA 300*400*80 (1X10/2X12 BOCAS)
00658,GABINETE ESTANCO MODULAR 200*450*150 S9000
99071,GABINETE ESTANCO TAPA GRIS PVC 495X395X155 CM - IP65 PRG348
00661,GABINETE ESTANCO VERSATIL 200*200*100
00660,GABINETE ESTANCO VERSATIL 200*200*100
00669,GABINETE ESTANCO VERSATIL 200*200*150
00666,GABINETE ESTANCO VERSATIL 200*300*100
00667,GABINETE ESTANCO VERSATIL 200*300*150
00664,GABINETE ESTANCO VERSATIL 300*200*100
00649,GABINETE ESTANCO VERSATIL 300*300*100
00670,GABINETE ESTANCO VERSATIL 300*300*150
99073,GABINETE ESTANCO VERSATIL CON SIST DIN 300*300*100 (2X10 BOCAS)
00656,GABINETE LINEA ECONOMICA 1940 305*290*90
00715,GABINETE LINEA LIVIANA 200*300*150
00655,GABINETE LINEA LIVIANA 300*300*150
00709,GABINETE LINEA LIVIANA 300*450*150
00711,GABINETE LINEA LIVIANA 400*300*150
00648,GABINETE LINEA LIVIANA 450*450*150
00659,GABINETE LINEA MODULAR 200*200*150
00657,GABINETE LINEA MODULAR 200*450*150
00647,GABINETE LINEA MODULAR 300*600*150
00665,GABINETE MEDIDOR MONOFASICO DE CHAPA
00646,GABINETE METALICO ESTANCO PARA APLICAR 600*500*260
00683,GABINETE PVC DE APLICAR 24 BOCAS
00685,GABINETE PVC DE EMBUTIR 12 BOCAS
00682,GABINETE PVC DE EMBUTIR 24 BOCAS
00681,GABINETE PVC DE EMBUTIR 36 BOCAS
00684,GABINETE PVC DE EMBUTIR 8 BOCAS
00727,GABINETE PVC EMBUTIR 4 BOCAS
01190,GABINETE PVC EMBUTIR 4 BOCAS F.A.E
00708,GABINTE DE CHAPA PARA EMBUTIR 22 BOCAS 265*270*90
00989,GANCHO DE HIERRO PARA CAJAS DE CENTRO 1/4 ROSCA 4 M
00990,GANCHO DE HIERRO PARA CAJAS DE CENTRO 5/32 ROSCA 6M
00988,GANCHOS TIPO J 5 MM
99257,GARRAFA DE GAS P/ SOLDAR 400GR - MAP//PRO
02014,GASTOS EN MATERIALES
99070,GRAMPA ABRAZADERA P/ AMURAR 76MM DIAMETRO
99905,"GRAMPA ABRAZADERA SISAGRIP P/ CAÑOS 1 """
99903,"GRAMPA ABRAZADERA SISAGRIP P/ CAÑOS 1 1/2 """
99904,"GRAMPA ABRAZADERA SISAGRIP P/ CAÑOS 1 1/4 """
99907,"GRAMPA ABRAZADERA SISAGRIP P/ CAÑOS 3/4 """
99906,"GRAMPA ABRAZADERA SISAGRIP P/ CAÑOS 7/8 """
99922,"GRAMPA CHAPA MEDIA OMEGA TIPO P 1 """
99920,"GRAMPA CHAPA MEDIA OMEGA TIPO P 1 1/2 """
99921,"GRAMPA CHAPA MEDIA OMEGA TIPO P 1 1/4 """
99926,"GRAMPA CHAPA MEDIA OMEGA TIPO P 1/2 """
99927,"GRAMPA CHAPA MEDIA OMEGA TIPO P 1/4 """
99919,"GRAMPA CHAPA MEDIA OMEGA TIPO P 2 """
99924,"GRAMPA CHAPA MEDIA OMEGA TIPO P 3/4 """
99925,"GRAMPA CHAPA MEDIA OMEGA TIPO P 5/8 """
99923,"GRAMPA CHAPA MEDIA OMEGA TIPO P 7/8 """
00545,"GRAMPA CHAPA TIPO OMEGA 1 1/2"""
00547,"GRAMPA CHAPA TIPO OMEGA 1"""
00546,"GRAMPA CHAPA TIPO OMEGA 1"" 1/4"
99928,"GRAMPA CHAPA TIPO OMEGA 1/2"""
00552,GRAMPA CHAPA TIPO OMEGA 1/4
00544,"GRAMPA CHAPA TIPO OMEGA 2"""
00549,GRAMPA CHAPA TIPO OMEGA 3/4
00551,GRAMPA CHAPA TIPO OMEGA 5/8
00548,GRAMPA CHAPA TIPO OMEGA 7/8
00617,GRAMPA PVC DE 20MM
00618,GRAMPA PVC DE 22MM
99945,GRAMPA PVC DE 25MM
02027,GRAMPA RAPIDA PVC DE 25MM EMI
00573,GRAMPA SUSPENSION PARA BANDEJA 160MM
00574,GRAMPA SUSPENSION PARA BANDEJA 210MM
00959,GRAMPAS SUJETA CABLE Nº 5 BLANCO
00960,GRAMPAS SUJETA CABLE Nº 6 C-6-P COAXIL BLANCO
00961,GRAMPAS SUJETA CABLE Nº 6 C-6-P COAXIL NEGRO
00962,GRAMPAS SUJETA CABLE Nº 8 BLANCO
02030,GRAMPAS SUJETA CABLE Nº 8 C-8-P COAXIL BLANCO
02031,GRAMPAS SUJETA CABLE Nº 8 C-8-P COAXIL NEGRO
01692,GRAMPAS SUJETA CABLE Nº 8 NEGRO
00963,GRAMPAS SUJETA CABLE Nº10 BLANCO
00964,GRAMPAS SUJETA CABLE Nº12 BLANCO
00965,GRAMPAS SUJETA CABLE Nº15 BLANCO
02029,GRAMPAS SUJETA CABLE Nº16 BLANCO
01157,GUARDA LAMPARA PORTATIL
00306,"GUARDAMOTOR M32 1,6-2,5A"
00304,"GUARDAMOTOR M32 1-1,6A"
00305,GUARDAMOTOR M32 13-18A
00309,GUARDAMOTOR M32 17-23A
00307,GUARDAMOTOR M32 20-25A
00312,GUARDAMOTOR M32 24-32A
00308,"GUARDAMOTOR M32 4-6,3A"
00311,GUARDAMOTOR M32 6-10A
00310,GUARDAMOTOR M32 9-14A
01262,HALOPIN 40W
01077,"HEM CLUB SEC 1,50/2,60 6,3MM"
00997,HOJA PARA SIERRA DE CALADORA 10-14 DIENTES X5 UNIDADES
01069,"HORQUILLA 2,70/6,60 4MM COLOR AMARILLO"
01070,"HORQUILLA 2,70/6,60 5MM COLOR AMARILLO"
01074,HORQUILLA 6MM 12MM COLOR AMARILLO
01055,"HORQUILLA SEC 0,25/1,60 3MM COLOR ROJO"
01057,"HORQUILLA SEC 0,25/1,60 5MM COLOR ROJO"
01056,"HORQUILLA SEC 1,30/2,60 5MM COLOR AZUL"
01065,"HORQUILLA SEC 1,30/2,60 5MM COLOR AZUL"
01058,"HORQUILLA SEC 1,50/2,60 4MM COLOR AZUL"
01066,"HORQUILLA SEC 1,50/2,60 4MM COLOR AZUL"
01048,"IDENTIFICADORES DE CABLE 0,5 1,5MM"
99942,IDENTIFICADORES DE CABLES 4 A 6 MM
01017,INDICADOR PILOTO LUMINOSO C45D 230V OJO DE BUEY P/ RIEL DIN
COMBO3000FGINST,INSTALACION AA 3000FG ESTANDAR
99264,"INSTALACION AA COMERCIAL 5TR - REPARACION DE VALVULA COMERCIAL, RECARGA DE REFRIGERANTE, AISLACION DE CAÑERIAS DE 3 EQUIPOS DE 3250 FRIGORIAS. REPARACION DE FORZADOR DE AIRE ACONDICIONADO DE 3250 FRIGORIAS"
00336,INTERRUPTOR BIPOLAR A FUSIBLE ILGA 220V-380V-20A
00335,INTERRUPTOR BIPOLAR BASE PORCELANA ILGA 220V-20A
00334,INTERRUPTOR BIPOLAR F602
00333,INTERRUPTOR BIPOLAR ILGA 220V-20A
01316,INTERRUPTOR COMBINACION UNIPOLAR 220VCA - 10A (1 - ½ MODULO EN 1)
01243,INTERRUPTOR COVRE OBRA BLANCO
01389,INTERRUPTOR DIFERENCIAL 2 POLOS 63A 30MA
00031,INTERRUPTOR DIFERENCIAL 4 POLOS 25A 30MA
01390,INTERRUPTOR DIFERENCIAL 4 POLOS 63A 30MA
01016,INTERRUPTOR DIFERENCIAL 4P 240/415V 40A - 30MA
01199,INTERRUPTOR PUNTO DE EXTERIOR PVC ELIBET 20A
01264,INTERRUPTOR TAAD 20A NARANJA
01265,INTERRUPTOR TAAD 20A NEGRO
01382,"INTERRUPTOR TERMOMAGNETICO 2 POLOS CURVA C 4,5KA 10A"
01383,"INTERRUPTOR TERMOMAGNETICO 2 POLOS CURVA C 4,5KA 16A"
01384,"INTERRUPTOR TERMOMAGNETICO 2 POLOS CURVA C 4,5KA 20A"
01385,"INTERRUPTOR TERMOMAGNETICO 2 POLOS CURVA C 4,5KA 25A"
99940,"INTERRUPTOR TERMOMAGNETICO 2 POLOS CURVA C 4,5KA 32A"
01386,"INTERRUPTOR TERMOMAGNETICO 3 POLOS CURVA C 4,5KA 25A"
01387,"INTERRUPTOR TERMOMAGNETICO 4 POLOS CURVA C 4,5KA 20A"
01388,"INTERRUPTOR TERMOMAGNETICO 4 POLOS CURVA C 4,5KA 25A"
INT2X32A,"INTERRUPTOR TERMOMAGNETICO 4 POLOS CURVA C 4,5KA 32A"
00332,INTERRUPTOR TRIPOLAR A FUSIBLE ILGA 220V-380V 20A
00329,INTERRUPTOR TRIPOLAR F603 FIBOSA 30A 380V
00330,INTERRUPTOR TRIPOLAR ROTATIVO 40A IDT D-4001
00331,INTERRUPTOR TRIPOLAR SIN FUSIBLE ILGA 220V-380V 20A
02034,INTERRUPTOR UNIPOLAR - 1 MODULO
00430,INTERRUPTOR UNIPOLAR - 1 MODULO - 220VCA - 10A - TECLA PLATINUM
01325,INTERRUPTOR UNIPOLAR 3 MODULOS - BLANCO - TECLA PLATINUM - 220VCA - 10A - TECLON
01222,INTERRUPTOR UNIPOLAR ARCO VERONA 220VCA - 10A
00426,INTERRUPTOR UNIPOLAR COMBINACION ARCO VERONA 220VCA - 10A
01304,INTERRUPTOR UNIPOLAR COMBINACION PLATINUM 220VCA - 10A
01305,INTERRUPTOR UNIPOLAR COMBINACION PLATINUM 220VCA - 10A
01303,INTERRUPTOR UNIPOLAR COMBINACION VERONA 220VCA - 10A
01294,INTERRUPTOR UNIPOLAR COMBINACION VERONA 220VCA - 10A (1-1/2 MODULO EN 1)
01296,INTERRUPTOR UNIPOLAR COMBINACION VERONA 220VCA - 10A (2- 1/2 MODULO EN 1)
01306,INTERRUPTOR UNIPOLAR COMBINACION VERONA 220VCA - 10A SIN LUMINOSO
01301,INTERRUPTOR UNIPOLAR COMBINACION VERONA 220VCA - 10A SIN LUMINOSO
01318,INTERRUPTOR UNIPOLAR DE 4 VIAS CRUZAMIENTO UNIPOLAR 220VCA - 10A - PLATINUM
01327,INTERRUPTOR UNIPOLAR DE COMBINACION 3 MODULOS - BLANCO - TECLA PLATINUM - 220VCA - 10A - TECLON
01315,INTERRUPTOR UNIPOLAR PLATINUM
01314,INTERRUPTOR UNIPOLAR PLATINUM (UN 1/2 MODULO)
00428,INTERRUPTOR UNIPOLAR PLATINUM 220VCA - 10A
00432,INTERRUPTOR UNIPOLAR PULSADOR PLATINUM
01299,INTERRUPTOR UNIPOLAR PULSADOR PLATINUM
01298,INTERRUPTOR UNIPOLAR PULSADOR S/CAMPANITA VERONA
00431,INTERRUPTOR UNIPOLAR PULSADOR VERONA
01300,INTERRUPTOR UNIPOLAR PULSADOR VERONA 220VCA - 10A SIN LUMINOSO
00429,INTERRUPTOR UNIPOLAR PULSADOR VERONA 220VCA - 6A SIN LUMINOSO
01302,INTERRUPTOR UNIPOLAR VERONA 220VCA - 10A
00399,INTERRUPTOR UNIPOLAR VERONA 220VCA - 10A (1-1/2 MODULO EN 1)
01295,INTERRUPTOR UNIPOLAR VERONA 220VCA - 10A (2- 1/2 MODULO EN 1)
01241,INTERRUPTOR UNIPOLAR VERONA 220VCA - 10A SIN LUMINOSO
00427,INTERRUPTOR UNIPOLAR VERONA 220VCA - 10A SIN LUMINOSO
01317,INTERRUPTORES COMBINACION UNIPOLARES 220VCA - 10A PLATINUM (2 - ½ MODULO EN 1)
01722,JABALINA 3/4 X 1.5
01348,JABALINA 5/8 X 1.5
99270,JABALINA P/ BAJADA COBRE 1/2 - 14X1500 MM - (1.5 METROS)
01032,JUEGO DE PESTAÑADORAS
01033,JUEGO DE PESTAÑADORAS
99263,KIT DE FIJACION PARA AA
KIT18000,KIT INSTALACION 18000
KIT3000,KIT INSTALACION 3000 FRIGORIAS
01011,KIT PARA LUZ DE EMERGENCIA
00462,LAMPARA ANTIQUE G125 24W FRANCE E27 AMBAR
00463,LAMPARA ANTIQUE G95 24W FRANCE E27 AMBAR
00468,LAMPARA AR 111 BAJO CONSUMO 20W
01397,LAMPARA ARAÑA
00482,LAMPARA BAJO CONSUMO ALIC 11W LUZ FRIA
00494,LAMPARA BAJO CONSUMO ALIC 26W LUZ FRIA
00483,LAMPARA BAJO CONSUMO ALIC 7W LUZ CALIDA
00484,LAMPARA BAJO CONSUMO ALIC 9W LUZ CALIDA
00480,LAMPARA BAJO CONSUMO ALIC 9W LUZ FRIA
00485,LAMPARA BAJO CONSUMO ESPIRAL ALIC 15W LUZ FRIA
00495,LAMPARA BAJO CONSUMO ESPIRAL ALIC 32W LUZ FRIA
00488,LAMPARA BAJO CONSUMO ESPIRAL OSRAM 18W LUZ CALIDA
00489,LAMPARA BAJO CONSUMO ESPIRAL OSRAM 5W LUZ FRIA
00491,LAMPARA BAJO CONSUMO ESPIRAL SYLVANIA 9W LUZ CALIDA
00493,LAMPARA BAJO CONSUMO OSRAM 11W LUZ CALIDA
00490,LAMPARA BAJO CONSUMO OSRAM 20W LUZ CALIDA
00486,LAMPARA BAJO CONSUMO PHILIPS 18W LUZ FRIA
00487,LAMPARA BAJO CONSUMO PHILIPS 18W LUZ FRIA
00492,LAMPARA BAJO CONSUMO SYLVANIA 15W COLORES
00943,LAMPARA BIPIN 10W
00939,LAMPARA BIPIN 20W
00945,LAMPARA BIPIN 40W
00938,LAMPARA BIPIN 40W
00940,LAMPARA BIPIN 40W
00941,LAMPARA BIPIN 50W
00944,LAMPARA BIPIN 60W
00942,LAMPARA BIPIN 75W
00948,LAMPARA BIPIN CALIDA 40W
00949,LAMPARA BIPIN CALIDA 50W
00947,LAMPARA BIPIN CALIDA 60W
99209,LAMPARA BIPIN LED 2W LUZ CALIDA - ULTRA BAJO CONSUMO - FICHA G9 - SICA
01261,LAMPARA BIPIN SYLVANIA
01263,LAMPARA BULBO ECO HALOGENA OPAL 28W E27
99199,LAMPARA C/ BASE DE APLICAR RECTANGULAR C/ VIDRO DIFUSOR - CONECTOR E27 - 25 X 8 CM
99101,LAMPARA CHICA P/ EXTERIOR VINTAGE C/ VIDRIO Y PROTECCION METALICA BLANCA
99151,LAMPARA COLGANTE 3X2 UNIDADES C/ VIDRIO DIFUSOR CUADRADO - CABLE TRANSPARENTE - FICHA BIPIN
99244,LAMPARA COLGANTE ALAMBRE VINTAGE RETRO 1
99245,LAMPARA COLGANTE ALAMBRE VINTAGE RETRO 2
99246,LAMPARA COLGANTE ALAMBRE VINTAGE RETRO 3
99157,LAMPARA COLGANTE ALUMINIO CHICO TIPO CAMPANA BLANCO C/ FLORON - FICHA E27
99156,LAMPARA COLGANTE ALUMINIO TIPO CAMPANA AMARILLO C/ FLORON - FICHA E27
99154,LAMPARA COLGANTE ALUMINIO TIPO CAMPANA AZUL C/ FLORON - FICHA E27
99155,LAMPARA COLGANTE ALUMINIO TIPO CAMPANA BLANCO C/ FLORON - FICHA E27
99163,LAMPARA COLGANTE C/ VIDRIO CILINDRICO Y COBERTURA HILO TRENZADO - FICHA E27
99162,LAMPARA COLGANTE C/ VIDRIO DIFUSOR CUADRADO P/ EMBUTIR - FICHA E27
99185,LAMPARA COLGANTE CHAPA TIPO CAMPANA MARRON C/ FLORON - FICHA E27
99204,LAMPARA COLGANTE LINEAL C/ BASE P/ EMBUTIR 2 LUMINARIAS C/ SOPORTE TORNILLO LATERAL - FICHA E27
99203,LAMPARA COLGANTE LINEAL C/ BASE P/ EMBUTIR 3 LUMINARIAS S/ CAMPANA - BASE METALICA RECTANGULAR - FICHA E27
99202,LAMPARA COLGANTE LINEAL C/ BASE P/ EMBUTIR P/ 3 LUMINARIAS - SOPORTE PARA CAMPANA- BASE METALICA RECTANGULAR - FICHA E27
99161,LAMPARA COLGANTE LINEAL P/ APLICAR 3 CAMPANAS FIJAS VIDRIOS DIFUSORES - BASE METALICA RECTANGULAR - FICHA E27
99160,LAMPARA COLGANTE LINEAL P/ EMBUTIR 3 VIDRIOS DIFUSORES CURVOS CUADRADOS - BASE METALICA RECTANGULAR - FICHA E27
99159,LAMPARA COLGANTE LINEAL P/ EMBUTIR 4 GLOBOS BLANCOS - BASE METALICA RECTANGULAR - FICHA E27
99168,LAMPARA COLGANTE LINEAL P/ EMBUTIR CON 4 PORTALAMPARAS Y VIDRIOS DIFUSORES CILINDRICOS - BASE METALICA RECTANGULAR - FICHA E27
99121,LAMPARA COLGANTE METALICA C/ 6 BRAZOS TIPO SPOT P/ EMBUTIR - CONECTOR GU10
99169,LAMPARA COLGANTE P/ APLICAR COBERTURA SIMIL FOCO INCANDESCENTE TRANSPARENTE GRANDE - FICHA E27
99158,LAMPARA COLGANTE P/ EMBUTIR CON 2 PORTALAMPARAS VIDRIOS NORMALES Y DIFUSORES CILINDRICOS - BASE METALICA RECTANGULAR - FICHA E27
99149,LAMPARA COLGANTE P/ EMBUTIR CON 4 PORTALAMPARAS Y VIDRIOS DIFUSORES CILINDRICOS - BASE METALICA CUADRADA - FICHA E27
99150,LAMPARA COLGANTE SIMPLE C/ VIDRIO DIFUSOR CONICO - CABLE TRANSPARENTE - FLORON BLANCO CONICO - FICHA E27
99148,LAMPARA COLGANTE SOMBRERO CHAPA - NEGRO Y BLANCO- 32 CM - CONECTOR E27
99152,LAMPARA COLGANTE TIPO ARAÑA 18 LUCES PLATINADO FLEXIBLE P/ EMBUTIR - BIPIN HALOGENAS
99187,LAMPARA CUADRADA BLANCO GRANDE TIPO SPOT P/ EMBUTIR - 15CM - CONECTOR AR70
99182,LAMPARA CUADRADA GRIS P/ EMBUTIR - 16CM - CONECTOR AR70
99126,LAMPARA CUADRADA GRIS P/ EMBUTIR - 9CM - CONECTOR GU10
99127,LAMPARA CUADRADA GRIS P/ EMBUTIR CON VIDRIO DIFUSOR - 9CM - CONECTOR GU10
99107,LAMPARA DE APLICAR CUADRADA C/ VIDRO DIFUSOR - CONECTOR G9
00498,LAMPARA DE BAJO CONSUMO ALIC 36W LUZ FRIA
00500,LAMPARA DE BAJO CONSUMO ESPIRAL ALIC 45W LUZ FRIA
00499,LAMPARA DE BAJO CONSUMO ESPIRAL SICA 80W LUZ FRIA X2
00497,LAMPARA DE BAJO CONSUMO MPLAMP 9W LUZ CALIDA
00496,LAMPARA DE BAJO CONSUMO MPLAMP 9W LUZ FRIA
00477,LAMPARA DE MERCURIO HALOGENADA GENERAL ELECTRIC 250W
00473,LAMPARA DE MERCURIO SYLVANIA 250W
00478,LAMPARA DE SODIO ALTA PRESION 250W
00474,LAMPARA DE SODIO OSRAM 150W
00475,LAMPARA DE SODIO OSRAM 250W
00476,LAMPARA DE SODIO PHILIPS 250W
99153,LAMPARA DE TECHO 4 FOCOS C/ VIDRIO DIFUSOR CUADRADO P/ EMBUTIR - FICHA E27
99896,LAMPARA DE VAPOR DE MERCURIO FLUORESCENTE OVOIDAL 250W 220VCA
00946,LAMPARA DICROICA HALOGENA 35W
00457,LAMPARA ECO HALOGENA GLOBE 70W CLARA DIAM 125
00456,LAMPARA ECO HALOGENA GLOBE 70W CLARA DIAM 95
00501,LAMPARA FILAMENTO ALIC 60W
99050,LAMPARA FILAMENTO GLOBO 6W LUZ CALIDA CANDELA VINTAGE
99049,LAMPARA FILAMENTO TUBULAR 6W LUZ CALIDA CANDELA VINTAGE
00526,LAMPARA FLUORESCENTE ALIC 11W LUZ FRIA
00520,LAMPARA FLUORESCENTE GENERAL ELECTRIC 11W LUZ CALIDA
00525,LAMPARA FLUORESCENTE GENERAL ELECTRIC 11W LUZ FRIA
00522,LAMPARA FLUORESCENTE GENERAL ELECTRIC 18W LUZ FRIA
00523,LAMPARA FLUORESCENTE GENERAL ELECTRIC 26W
00524,LAMPARA FLUORESCENTE OSRAM 11W LUZ FRIA
00521,LAMPARA FLUORESCENTE OSRAM 26W LUZ BLANCA
99056,LAMPARA FOCO BULBO 12W LUZ CALIDA CANDELA
99055,LAMPARA FOCO BULBO 12W LUZ FRIA CANDELA
99053,LAMPARA FOCO BULBO 15W LUZ CALIDA CANDELA
99054,LAMPARA FOCO BULBO 15W LUZ FRIA CANDELA
00459,LAMPARA FOCO BULBO 20W FILAMENTO DORADO VINTAGE - E27 - TESLA GROUP
99060,LAMPARA FOCO BULBO 7W LUZ CALIDA CANDELA
99059,LAMPARA FOCO BULBO 7W LUZ FRIA CANDELA
99058,LAMPARA FOCO BULBO 9W LUZ CALIDA CANDELA
99057,LAMPARA FOCO BULBO 9W LUZ FRIA CANDELA
00460,LAMPARA FOCO GLOBO 40W FILAMENTO DORADO VINTAGE - E27 -TESLA GROUP
00461,LAMPARA FOCO TUBULAR 20W FILAMENTO DORADO VINTAGE - E27 - TESLA GROUP
99207,LAMPARA FOCO TUBULAR LARGO 40W FILAMENTO DORADO VINTAGE - E27 - TESLA GROUP
01257,LAMPARA G45 2W VERDE
00444,LAMPARA GALPONERA LED 100W LUZ FRIA 220V E40 8000 LM COLOR DE LA LUZ BLANCO FRIO
00445,LAMPARA GALPONERA LED ECO 38W LUZ CALIDA - E27 - ALIC
00458,LAMPARA GLOBO VINTAGE
00927,LAMPARA GOTA OPAL 42W
99102,LAMPARA GRANDE P/ EXTERIOR VINTAGE C/ VIDRIO Y PROTECCION METALICA BLANCA
01259,LAMPARA HALOGENA AR70/FL 50W
01256,LAMPARA HALOGENA C35 28W
00935,LAMPARA HALOGENA C35 42W
00503,LAMPARA HALOGENA MP LAMP 20W MR16
00502,LAMPARA HALOGENA MP LAMP 42W/28W
00504,LAMPARA HALOGENA MP LAMP 50W MR16
00937,LAMPARA HALOGENA VELITA OPAL 28W
00936,LAMPARA HALOGENA VELITA OPAL 42W
99052,LAMPARA HIGH POWER 40W LUZ FRIA CANDELA GALPONERA
99051,LAMPARA HIGH POWER 48W LUZ FRIA CANDELA GALPONERA
00469,LAMPARA HPI PLUS 250W PHILIPS
00446,LAMPARA LED ALTA POTENCIA 30W LUZ DIA
99306,LAMPARA LED AR111 12W FRIA CANDELA
01260,LAMPARA LED BLANCO CALIDO 2W
99047,LAMPARA LED DICROICA 7W LUZ CALIDA CANDELA
99048,LAMPARA LED DICROICA 7W LUZ FRIA CANDELA
00509,LAMPARA LED R63 7W BLANCO CALIDO
00505,LAMPARA LED SICA 6W LUZ CALIDA
00506,LAMPARA LED SICA 6W LUZ FRIA
99301,LAMPARA LED SMART 9W CANDELA
00466,LAMPARA MACROLED REDONDA 11W
99242,LAMPARA MERCURIO HALOGENADO POWERSTAR HQI-TS 150W / NDL UVS - 135 MM - OSRAM
99176,LAMPARA METALICA TIPO SPOT SIMPLE P/ EMBUTIR - FICHA E27
00450,LAMPARA MEZCLADORA 160W
00452,LAMPARA MEZCLADORA 160W SICA
00454,LAMPARA MEZCLADORA 250W FRANCE
00453,LAMPARA MEZCLADORA 250W SICA
00455,LAMPARA MEZCLADORA 500W FRANCE
00449,LAMPARA MP VAPOR DE MERCURIO 125W
00448,LAMPARA MP VAPOR DE MERCURIO 250W
00447,LAMPARA MP VAPOR DE MERCURIO 400W
00470,LAMPARA OSRAM 250W HWL
00472,LAMPARA OSRAM 250W POWERSTAR
00471,LAMPARA OSRAM 70 VIALOX 4Y
99105,LAMPARA P/ EMBUTIR PARED CON BRAZO CROMADO - CAMPANA BLANCO
99100,LAMPARA P/ EMBUTIR PARED CON BRAZO CROMADO - CAMPANA ROJA
01258,LAMPARA PHILIPS 70W
00467,LAMPARA PHILIPS LED AR 111
99177,LAMPARA PLASTICA ARMABLE DOBLE CAPA - FICHA E27
99128,LAMPARA PLASTICA REDONDA TIPO SPOT DOBLE EJE P/ EMBUTIR - BLANCO - CONECTOR B22
99103,LAMPARA REDONDA TORTUGA P/ EXTERIOR VINTAGE C/ VIDRIO Y PROTECCION METALICA BLANCA
99104,LAMPARA SPOT TACHO NEGRA C/ SOPORTE S/ PORTALAMPARAS
99179,LAMPARA TIPO SPOT C/ BASE P/ APLICAR BRAZO FLEXIBLE - COLOR GRIS
99190,LAMPARA TIPO SPOT CUADRADA 1 EJE P/ EMBUTIR - BLANCO - DICROICA - 9CM
99189,LAMPARA TIPO SPOT REDONDA 1 EJE CHICA P/ EMBUTIR - METALIZADO - DICROICA - 10CM
99193,LAMPARA TIPO SPOT REDONDA 1 EJE GRANDE P/ EMBUTIR - BLANCO - DICROICA - 12CM
99188,LAMPARA TIPO SPOT REDONDA 1 EJE GRANDE P/ EMBUTIR - METALIZADO - DICROICA - 12CM
99110,LAMPARA TRIPLE BRAZO TIPO SPOT CON VIDRIO DIFUSOR CUADRADO BASE METALICA CROMADA P/ EMBUTIR 40 X 12 CM - CONECTOR 9G
99208,LAMPARA TRIPLE C/ BASE LINEAL P/ APLICAR S/ CAMPANA - METALIZADO - 60 X 4 CM - E27
99109,LAMPARA TRIPLE PARALELA BASE METALICA P/ EMBUTIR C/ PORTALAMPARAS DE CERAMICA - 64 X 12 CM
99108,LAMPARA TRIPLE SPOT C/ BRAZO BASE RECTANGULAR P/ APLICAR TERMINACION METALICA - 60 X 4 CM
00451,LAMPARA VAPOR DE MERCURIO FLUORESC. 125W SICA
00933,LAMPARA VELA HALOGENA 100W
00932,LAMPARA VELA HALOGENA 118MM 150W
00931,LAMPARA VELA HALOGENA 118MM 200W
00930,LAMPARA VELA HALOGENA 150W
00928,LAMPARA VELA HALOGENA 300W
00929,LAMPARA VELA HALOGENA BASIC 150W
00934,LAMPARA VELA HALOGENA CUARZO 500W R7S 118MM
00517,"LAMPARAS CUARZO INCANDESCENTE HALOGENA GENERALELECTRIC 1500W 52,4MM"
00516,LAMPARAS CUARZO INCANDESCENTE HALOGENA INTERLEC 2000W
00519,LAMPARAS CUARZO INCANDESCENTE HALOGENA MP 1000W
00518,"LAMPARAS CUARZO INCANDESCENTE HALOGENA MP 1500W 52,4MM"
00514,LAMPARAS FLUORESCENTE GENERAL ELECTRIC 36W LUZ CALIDA
00515,LAMPARAS FLUORESCENTE OSRAM 36W LUZ CALIDA
00511,LAMPARAS LED ALIC 14W LUZ FRIA
00510,LAMPARAS LED PHILIPS 6W LUZ CALIDA
01693,LAMPARAS LED PHILIPS 6W LUZ FRIA
00512,LAMPARAS LED SICA 10W LUZ FRIA DIMERIZABLE
00513,LAMPARAS LED SICA 4W LUZ FRIA CASQUILLO E-14
00507,LAMPARAS LED SILVERLINE 4W LUZ CALIDA DIMERIZABLE MR16
00508,LAMPARAS LED SILVERLINE 4W LUZ FRIA DIMERIZABLE GU10
99213,LAMPARAS SON-T 150W P/ PROYECTORES FICHA / ROSCA E40 VARIAS MARCAS
02024,LAPIZ DETECTOR DE VOLTAJE INDUCTIVO VD03
LATA134A900GR,LATA R134A 900GR ANTON
LATAR141BTORRIN,LATA TORRINGTON R 141 B
00303,LINEA DE CONTACTORES MC1
00302,LINEA DE RELEVOS TERMICOS TR1 T1
01029,LINTERNA VINCHA
00532,LISTON ARMADO P/ TUBO FLUORESCENTE - 1X20W - 220-240VCA - SICA
00534,LISTON ARMADO P/ TUBO FLUORESCENTE - 2X40W - 220-240VCA - 120CM - SICA
00365,"LISTON BAJO MESADA / ALACENA 33 X 10,3 CM - 18 W - BLANCO - ALIC"
99046,LISTON LED T5 - 12W - 92CM CANDELA
99044,LISTON LED T5 - 5W - 34CM CANDELA
99045,LISTON LED T5 - 9W - 60CM CANDELA
00363,LISTONES 120CM
00364,LISTONES 120CM
01031,LLAVE CRIQUET PARA REFRIGERACION 3/16-3/8
00398,LLAVE DE 1 PUNTO
01266,LLAVE DE 2 PUNTOS PARA APLICAR
01394,LLAVE DE 3 PUNTO
57002/2,LLAVE DOS PUNTOS JELUZ PLATINUM
00327,LLAVE INVERSORA 20 A
01271,LLAVE PUNTO DOBLE 10A
00412,LLAVE PUNTO KALOP SIMPLE 16A
00411,LLAVE PUNTO SICA SIMPLE 10A
00877,LLAVE PUNTO SIMPLE P/ APLICAR
00856,LLAVE PUNTO Y TOMA P/ APLICAR
57008/2,LLAVE TOMA DOBLE ARMADO
57007/2,LLAVE TOMA SIMPLE ARMADO
57003/2,LLAVE TRES PUNTOS JELUZ PLATINUM
01706,LLAVE UN PUNTO COMBINADO
57001/2,LLAVE UN PUNTO JELUZ PLATINUM
01707,LLAVE UNA COMBINACION + TOMA SIMPLE
99096,LUMINARIA EMBUTIDO BIPIN - 220W - 50HZ - CONECTOR G9 - 40W
00464,LUMINARIA EMPOTRABLE 7 LEDS SICA CALIDO MARCO CUADRADO
00465,LUMINARIA EMPOTRABLE 7 LEDS SICA CALIDO REDONDA
99097,LUMINARIA POWER LED 3 X 1W 350MA WW - PLATINADO
99095,LUMINARIA SPACE LED 6 X 1W CILINDRICA NEGRA - 220W - 50HZ - IP54
00368,LUZ DE EMERGENCIA LED 250X55X27MM
00530,LUZ DE EMERGENCIA RECARGABLE 90 LEDS - BLANCO - 15HS
00529,LUZ DE EMERGENCIA RECARGABLE 90 LEDS - BLANCO - 7HS
01153,LUZ DE NEON PARA LLAVE
99004,LUZ EMERGENCIA 60 LED CANDELA
00951,LUZ PILOTO LUM 24V NARANJA
00952,LUZ PILOTO LUM 24V ROJO
00950,LUZ PILOTO LUM 24V VERDE
01187,MACETA CHICA PARA JABALINA
01188,MACETA GRANDE PARA JABALINA
DICRO5/7W,MACRO LED LAMPARA DICRO LED 5/7W PVC
00067,"MANGUERA CRISTAL 1/2"""
00068,"MANGUERA CRISTAL 3/4"""
99253,"MANGUERA CRISTAL 5/8 """
99260,"MANGUERA CRISTAL 7/8"""
01010,MANGUERA DE LUCES NAVIDEÑAS X 10 MTS BLANCA
01050,MANIFOULD DE ALUMINIO CT 636G - R410A/R410/R22/R134A/R404A
01049,MANIFOULD DE BRONCE CT 536 - R12/22/502
MAP1215,MAP GARRAFA DE GAS PROPANO
99154SOP60*60,MARCO ACCESORIO PARA PLAFON PANEL DE ALUMINIO 60X60 CM ESTRUCTURA BLANCO
99957,MDO - ELE - ALIMENTACION SUBTERRANEA - ARMADO DE CAMARA DE PASO / INSPECCION
99955,"MDO - ELE - ALIMENTACION SUBTERRANEA - CABADO, ZANJEO"
99956,MDO - ELE - ALIMENTACION SUBTERRANEO - CABLEADO DE TRAMO
01735,MDO - ELE - ARTEFACTO PILETA - DESINTALACION
01736,MDO - ELE - ARTEFACTO PILETA - INSTALACION
00134,MDO - ELE - AUTOMATIZACION EXTERIOR - FOTOCELULA - INSTALACION Y/O REMPLAZO
01746,MDO - ELE - BOCA ELECTRICA (1) LOSA
00089,MDO - ELE - BOCA ELECTRICA (2) PICADO
01740,MDO - ELE - BOCA ELECTRICA (3) AMURADO
00090,MDO - ELE - BOCA ELECTRICA (4) CABLEADO
01747,MDO - ELE - BOCA ELECTRICA (5) INTERRUPTOR
00091,MDO - ELE - BOCA ELECTRICA (6) ILUMINACION
00092,MDO - ELE - BOCA ELECTRICA (7) TOMACORRIENTE
00093,MDO - ELE - BOCA ELECTRICA (8) TV / RED
99249,MDO - ELE - BOCA ELECTRICA (9) PORTERO
01748,MDO - ELE - BOCA ELECTRICA COMPLETA NUEVA
01749,MDO - ELE - BOCA ELECTRICA COMPLETA REFORMA
99250,MDO - ELE - CANALIZACION/ CABLEADO - TENDIDO DE LINEA AEREO
01754,MDO - ELE - CANALIZACION/ CABLEADO - TENDIDO DE LINEA POR CABLE CANAL
01755,MDO - ELE - CANALIZACION/ CABLEADO - TENDIDO DE LINEA POR CAÑO
01753,MDO - ELE - CANALIZACION/ CABLEADO - TENDIDO DE LINEA SUBTERRANEO
00124,MDO - ELE - CARTEL ALARMA - INSTALACION
00097,MDO - ELE - CONEXION ELECTRICA -
01750,MDO - ELE - CONEXION ELECTRICA - BAJADA DE LUZ - MONOFASICA
01744,MDO - ELE - CONEXION ELECTRICA - BAJADA DE LUZ - TRIFASICA
00132,MDO - ELE - CONEXION ELECTRICA - INSTALACION
01763,MDO - ELE - CONEXION ELECTRICA - INTERRUPTOR/ TOMACORRIENTE INSTALACION Y/O REEMPLAZO
00166,MDO - ELE - CONEXION ELECTRICA - REPARACION
00163,MDO - ELE - CONEXION ELECTRICA - REPARACION DE CABLE DE ALIMENTACION
00164,MDO - ELE - CONEXION ELECTRICA - REPARACION DE CABLE DE INTERCONECCION
01719,MDO - ELE - CONEXION ELECTRICA - TRIFASICA - DESINTALACION
00133,MDO - ELE - CONEXION ELECTRICA - TRIFASICA - INSTALACION
01772,MDO - ELE - CONTACTOR - INSTALACION Y/O REMPLAZO
00149,MDO - ELE - DISYUNTOR MONOFASICO - INSTALACION Y/O REMPLAZO
00150,MDO - ELE - DISYUNTOR TRIFASICO - INSTALACION Y/O REMPLAZO
01767,MDO - ELE - EXTRACTORES - INSTALACION
02050,MDO - ELE - INSTALACION DE BANDEJA PORTA CABLE 200MM POR TRAMO
01765,MDO - ELE - LUMINARIA - ARTEFACTOS - LIMPIEZA
00146,MDO - ELE - LUMINARIA - ARTEFACTOS - REMPLAZO
01766,MDO - ELE - LUMINARIA - LAMPARA - REEMPLAZO
01756,MDO - ELE - LUMINARIA - LAMPARA - REPARACION
00168,MDO - ELE - LUMINARIA - REPARACION Y LIMPIEZA
00137,"MDO - ELE - LUMINARIA - TIRA LED 1,8M C/FUENTE - INSTALACION"
00138,MDO - ELE - LUMINARIA - TIRA LED 5M C/FUENTE - INSTALACION
01751,MDO - ELE - LUMINARIA - TUBO LED - INSTALACION
00160,MDO - ELE - LUMINARIA - TUBO LED - REMPLAZO
00104,MDO - ELE - LUMINARIA DE APLICAR CHICA - DESINTALACION
00126,MDO - ELE - LUMINARIA DE APLICAR CHICA - INSTALACION
00105,MDO - ELE - LUMINARIA DE APLICAR GRANDE - DESINTALACION
00127,MDO - ELE - LUMINARIA DE APLICAR GRANDE - INSTALACION
01752,MDO - ELE - LUMINARIA DE APLICAR MEDIA - DESINTALACION
00128,MDO - ELE - LUMINARIA DE APLICAR MEDIA - INSTALACION
00106,MDO - ELE - LUMINARIA DE COLGANTE CHICA - DESINTALACION
00129,MDO - ELE - LUMINARIA DE COLGANTE CHICA - INSTALACION
00107,MDO - ELE - LUMINARIA DE COLGANTE GRANDE - DESINTALACION
00130,MDO - ELE - LUMINARIA DE COLGANTE GRANDE -INSTALACION
01757,MDO - ELE - LUMINARIA DE EMBUTIR CHICA - INSTALACION
01758,MDO - ELE - LUMINARIA DE EMBUTIR GRANDE - INSTALACION
01759,MDO - ELE - LUMINARIA DE EMBUTIR MEDIA - INSTALACION
00131,MDO - ELE - LUMINARIA EN ALTURA - INSTALACION
01760,MDO - ELE - LUMINARIA EN ALTURA - REMPLAZO
00135,MDO - ELE - LUMINARIA SPOT DICRO INSTALACION
01730,MDO - ELE - LUZ DE EMERGENCIA - DESINTALACION
00136,MDO - ELE - LUZ DE EMERGENCIA - INSTALACION
01999,MDO - ELE - TABLERO ELECTRICO - ARMADO COMPLETO DE 36 BOCAS Y PUESTA EN FUNCIONAMIENTO.
01739,MDO - ELE - TABLERO ELECTRICO - BALANCEO DE FASE EN TABLERO
99251,MDO - ELE - TABLERO ELECTRICO - INSTALACION
01761,MDO - ELE - TABLERO ELECTRICO - INSTALACION DE PUESTA A TIERRA (JABALINA)
01762,MDO - ELE - TABLERO ELECTRICO - REEMPLAZO DE GABINETE A 12 BOCAS
01714,MDO - ELE - TABLERO ELECTRICO - REINSTALACION/MODIFICACION
00158,MDO - ELE - TERMICA (1) UNIPOLAR - INSTALACION/REMPLAZO
00155,MDO - ELE - TERMICA (2) BIPOLAR - INSTALACION/REMPLAZO
00157,MDO - ELE - TERMICA (3) TRIPOLAR - INSTALACION/REMPLAZO
00156,MDO - ELE - TERMICA (4) TETRAPOLAR - INSTALACION/REMPLAZO
00159,MDO - ELE - TIMER DIGITAL - INSTALACION Y/O REMPLAZO
00108,MDO - ELE - VENTILACION - VENTILADOR DE PARED - DESINTALACION
00139,MDO - ELE - VENTILACION - VENTILADOR DE PARED - INSTALACION
00109,MDO - ELE - VENTILACION - VENTILADOR DE TECHO - DESINTALACION
00140,MDO - ELE - VENTILACION - VENTILADOR DE TECHO C/LUZ - INSTALACION
00141,MDO - ELE - VENTILACION - VENTILADOR DE TECHO S/LUZ - INSTALACION
01398,MDO - ELE - VISITA TECNICA (PRESUPUESTO / REVISION)
01696,MDO - ELE - VISITA TECNICA (REPARACIONES VARIAS)
01332,MDO - ELE - VISITA TECNICA (SOLUCION EN EL MOMENTO)
02016,MDO - ELEC - BOMBA DE AGUA - DESINTALACION
02017,MDO - ELEC - BOMBA DE AGUA - INSTALACION
02004,MDO - ELEC - BOMBA DE AGUA - MANTENIMIENTO/REPARACION
02003,MDO - ELEC - CAMBIO DE RODAMIENTO + SELLO
01764,MDO - ELEC - LAVARROPAS AUTOMATICO - INSTALACAION
02002,MDO - ELEC - MANTENIMIENTO LAVARROPAS
02007,MDO - REF - A.A - DESINTALACION Y REINSTALACION DE UNIDAD EXTERIOR
00110,MDO - REF - A.A - EXTRACCION/DESINSTALACION
00094,MDO - REF - A.A EMBUTIDO ESTANDAR - PREINSTALACION
01729,MDO - REF - A.A VENTANA - DESINSTALACION
00125,MDO - REF - A.A VENTANA - INSTALACION
00174,MDO - REF - A.A VENTANA - SERVICE (COMPLETO)
7499,MDO - REF - FIJACION UNIDAD EXTERIOR DE EQUIPO COMERCIAL
00142,MDO - REF - LIMPIEZA DE DESAGOTE
01733,MDO - REF - LIMPIEZA DE FILTROS PISO TECHO
00143,MDO - REF - LIMPIEZA DE FILTROS SPLIT
01738,MDO - REF - LIMPIEZA DE UNIDAD EXTERIOR
00095,MDO - REF - MODIFICACION DE DESAGUE EMBUTIDO.
00096,"MDO - REF - MODIFICACION DE PREINSTALACION, TERMINACION Y SELLADO SUPERIOR."
00145,MDO - REF - REEMPLAZO DE AISLACIONES
02008,MDO - REF - REEMPLAZO DE BOMBA DE AGUA DE EQUIPO COMERCIAL
99300,MDO - REF - REEMPLAZO DE BORNERA DE MOTOR COMPRESOR
00144,MDO - REF - REEMPLAZO DE CAPACITOR UE
00147,MDO - REF - REEMPLAZO DE CAPACITOR UI
00148,MDO - REF - REEMPLAZO DE COMPRESOR
01723,MDO - REF - REEMPLAZO DE DIMMER
00151,MDO - REF - REEMPLAZO DE FORZADOR DE UNIDAD EXTERIOR
00152,MDO - REF - REEMPLAZO DE FORZADOR DE UNIDAD INTERIOR
00162,MDO - REF - REEMPLAZO DE FORZADOR HELADERA MOSTRADOR COMERCIAL
99277,MDO - REF - REEMPLAZO DE MANGUERA DE CRISTAL
01742,MDO - REF - REEMPLAZO DE MOTOR SWING
00153,MDO - REF - REEMPLAZO DE PLACA
02010,MDO - REF - REEMPLAZO DE RODAMIENTOS
00154,MDO - REF - REEMPLAZO DE SENSORES
01731,MDO - REF - REEMPLAZO DE TRANSFORMADOR U. IINTERIOR
00161,MDO - REF - REEMPLAZO DE TURBINA
01745,MDO - REF - REPARACION - MODIFICACION ALIMENTACION AIRE ACONDICIONADO
02011,MDO - REF - REPARACION DE AIRE ACONDICIONADO COMERCIAL
00165,MDO - REF - REPARACION DE DESAGOTE
7498,MDO - REF - REPARACION DE DESAGOTE/PINTADO/EQUIPO COMERCIAL TIPO PISO/TECHO
7497,MDO - REF - REPARACION DE HELADERA FAMILIAR
01850,MDO - REF - REPARACION DE PLACA
00167,MDO - REF - REPARACION Y CARGA DE REFRIGERANTE (GRX2)
00180,MDO - REF - SERVICE - SOLDADURA COBRE/COBRE
00175,MDO - REF - SERVICE COMPLETO
00176,MDO - REF - SERVICE COMPLETO Y REINSTALACION DE AA
00177,MDO - REF - SERVICE EQUIPO DESINSTALADO (SIN INSTALACION)
00178,MDO - REF - SERVICE SECO EN LUGAR/REVISION CAPACITORES Y REFRIGERANTE.
01701,MDO - REF - SPLIT 2000/3500 KCAL - ALIMENTACION
00099,MDO - REF - SPLIT 2000/3500 KCAL - DESINSTALACION
00111,MDO - REF - SPLIT 2000/3500 KCAL - INSTALACION + MATERIALES MIN REF
00179,MDO - REF - SPLIT 2000/3500 KCAL SERVICE/LIMPIEZA/REVISION
00114,MDO - REF - SPLIT 2000/35000 KCAL INSTALACION
00100,MDO - REF - SPLIT 3200/4500 KCAL - DESINSTALACION
00116,MDO - REF - SPLIT 3200/4500 KCAL - INSTALACION
00115,MDO - REF - SPLIT 3200/4500 KCAL - INSTALACION + MATERIALES MIN REF
02009,MDO - REF - SPLIT 3200/4500 KCAL - METRO EXTRA DE CAÑERIA
00170,MDO - REF - SPLIT 3200/4500 KCAL - SERVICE
00118,MDO - REF - SPLIT 4500/6000 - INSTALACION
00117,MDO - REF - SPLIT 4500/6000 - INSTALACION + MATERIALES MIN REF
00088,MDO - REF - SPLIT 4500/6000 KCAL - ALIMENTACION
00101,MDO - REF - SPLIT 4500/6000 KCAL - DESINSTALACION
00171,MDO - REF - SPLIT 4500/6000 KCAL - SERVICE
00120,MDO - REF - SPLIT 6000/9000 - INSTALACION
00119,MDO - REF - SPLIT 6000/9000 - INSTALACION + MATERIALES MIN REF
00102,MDO - REF - SPLIT 6000/9000 KCAL - DESINSTALACION
00172,MDO - REF - SPLIT 6000/9000 KCAL - SERVICE
00098,MDO - REF - SPLIT PISO/TECHO 12000/18000 KCAL - DESINSTALACION
00113,MDO - REF - SPLIT PISO/TECHO 12000/18000 KCAL - INSTALACION
00112,MDO - REF - SPLIT PISO/TECHO 12000/18000 KCAL - INSTALACION + MATERIALES MIN REF
02018,MDO - REF - SPLIT PISO/TECHO 12000/18000 KCAL - METRO EXTRA EN CAÑERIA
00169,MDO - REF - SPLIT PISO/TECHO 12000/18000 KCAL - SERVICE
00122,MDO - REF - SPLIT PISO/TECHO 9000/12000 - INSTALACION
00121,MDO - REF - SPLIT PISO/TECHO 9000/12000 - INSTALACION + MATERIALES MIN REF
00103,MDO - REF - SPLIT PISO/TECHO 9000/12000 KCAL - DESINSTALACION
00173,MDO - REF - SPLIT PISO/TECHO 9000/12000 KCAL - SERVICE
01699,MENSULA TIPO L 18000KCAL
00044,MENSULA TIPO L 3000KCAL
00045,MENSULA TIPO L 4500KCAL
00046,MENSULA TIPO L 6000KCAL
00315,MINI CONTACTOR 220V-50HZ
01014,MINI CONTROLADOR Y MEDIDOR DE ESTADO 24V AC/DC 96001
00481,MINI LAMPARA BAJO CONSUMO ALIC 9W LUZ FRIA
00851,MINI PORTA LAMPARA BLANCO P/ FOCO E14
00852,MINI PORTA LAMPARA NEGRO P/ FOCO E14
00850,MINI PORTA LAMPARA PLATEADO P/ FOCO E14
99098,MINI REFLECTOR BLANCO - BIPIN - CONECTOR G4
01160,MINI RELAY INVERSOR 12V 5 TERMINALES 12V 50A
00975,MODULO CAJA CAPSULADO CHICO 7301
00974,MODULO CAJA CAPSULADO GRANDE 7304
09974,MODULO CAJA CAPSULADO MEDIANO 7302
01073,MODULO CAPSULADO GRANDE
00973,MODULO CAPSULADOS CHICO
01244,MODULO CIEGO BLANCO
01202,MODULO CIEGO TECLASTAR NEGRO
01139,MODULO CIEGO X2 BLANCO
01205,MODULO DE PUNTO CON LUZ TECLASTAR NEGRO
01201,MODULO DE PUNTO TECLASTAR NEGRO
00854,MODULO FICHA RED DE APLICAR
00853,MODULO FICHA TV DE APLICAR
01149,MODULO SEÑAL VENTILADOR
01150,MODULO SEÑAL VENTILADOR
01242,MODULO TELEFONICO NEGRO
00423,MODULO TOMA 10A BLANCO
01204,MODULO TOMA CORRIENTE TECLASTAR NEGRO
01203,MODULO TOMA CORRIENTE VENUS BLANCO
01196,MORCETAS
01721,MORDAZA
MO02316,MORDAZA 3/4 PARA JABALINA GRANDE M19
MO02315,MORDAZA 5/8 PARA JABALINA CHICA M16
MOT1380R134A,MOTOCOMPRESOR 1380 TECUMSEH R134A
COMROT3000FGR22,MOTOCOMPRESOR ROTATIVO GMCC HSM215V3UDZ 3000FR R-22
01743,MOTOR SWING 24V
01254,MULTIMETRO DT 830 B
02028,MULTIMETRO DT 830 D
99953,NITROGENO
01728,OBU
01726,ORING 3/8
01727,ORING 5/8
99254,ORING PARA MANGUERA DE CARGA MANIFOLD - NEGRO
99255,ORING PARA MANGUERA DE CARGA R410 - 5/16 - BLANCO
99256,OVULO VALVULA PARA R22 R134 REFRIGERACION
99262,PALETA VENTILADOR CONDENSADORA 375 X 120
01704,PANEL LED EMBUTIR 12X12 CM 6W
01703,PANEL LED EMBUTIR 15X15 CM 12W
00890,PERISCOPIO BASTIDOR (2 BASTIDORES CHAPA
01191,PERISCOPIO BASTIDOR CHAPA 4 BASTIDOR FORLI
00891,PERISCOPIO BASTIDOR PVC 2 BASTIDOR
99951,PILA AAA
01012,PILA BATERIA 3V CR2016
01013,PILA BATERIA 3V CR2025
99001,PILAS AA CANDELA 1.5 VOLTIOS
99002,PILAS AAA CANDELA 1.5 VOLTIOS
00925,PILOTO LUM 220V AMARILLO/ NARANJA
00926,PILOTO LUM 220V AZUL
00923,PILOTO LUM 220V ROJO
00924,PILOTO LUM 220V VERDE
01274,"PIN CHATO SEC 0,25/1,60 3,3MM COLOR AZUL"
01061,"PIN CHATO SEC 0,25/1,60 3,3MM COLOR ROJO"
01071,"PIN CHATO SEC 2,70/1,60 4,8MM COLOR AMARILLO"
01275,"PIN CHATO SEC 5,5-10 COLOR AMARILLO"
01059,"PIN SEC 0,25/1,60 6,7MM COLOR ROJO"
01060,"PIN SEC 0,25/1,60 9,9MM COLOR ROJO"
01063,"PIN SEC 1,50/2,60 6,7MM COLOR AZUL"
01064,"PIN SEC 1,50/2,60 9,9MM COLOR AZUL"
01068,"PIN SEC 2,70/6,60 10MM COLOR AMARILLO"
02021,PINZA AMPEROMETRICA CAPACIMETRO DT202
00993,PINZA COCODRILO
01377,PIPETA PARA MEDIDOR MONOFASICO
00995,PIPETA PASACABLE
99015,PLAFON BASE CUADRADO 12W LUZ CALIDA P/ APLICAR CANDELA
99016,PLAFON BASE CUADRADO 12W LUZ FRIA P/ APLICAR CANDELA
99313,PLAFON BASE CUADRADO 18W BACKLIGTH LUZ FRIA P/ APLICAR CANDELA
99013,PLAFON BASE CUADRADO 18W LUZ CALIDA P/ APLICAR CANDELA
99014,PLAFON BASE CUADRADO 18W LUZ FRIO P/ APLICAR CANDELA
99312,PLAFON BASE CUADRADO 24W BACKLIGTH LUZ FRIA P/ APLICAR CANDELA
99019,PLAFON BASE CUADRADO 24W LUZ CALIDA P/ APLICAR CANDELA
99005,PLAFON BASE CUADRADO 24W LUZ FRIA P/ APLICAR CANDELA
99017,PLAFON BASE CUADRADO 6W LUZ CALIDA P/ APLICAR CANDELA
99018,PLAFON BASE CUADRADO 6W LUZ FRIA P/ APLICAR CANDELA
99024,PLAFON BASE REDONDO 12W LUZ CALIDA P/ APLICAR CANDELA
99025,PLAFON BASE REDONDO 12W LUZ FRIA P/ APLICAR CANDELA
99311,PLAFON BASE REDONDO 18W BACKLIGTH LUZ CALIDA P/ APLICAR CANDELA
99023,PLAFON BASE REDONDO 18W LUZ CALIDA P/ APLICAR CANDELA
99022,PLAFON BASE REDONDO 18W LUZ FRIA P/ APLICAR CANDELA
99310,PLAFON BASE REDONDO 24W BACKLIGTH LUZ FRIA P/ APLICAR CANDELA
99020,PLAFON BASE REDONDO 24W LUZ CALIDA P/ APLICAR CANDELA
99021,PLAFON BASE REDONDO 24W LUZ FRIA P/ APLICAR CANDELA
99027,PLAFON BASE REDONDO 6W LUZ CALIDA P/ APLICAR CANDELA
99026,PLAFON BASE REDONDO 6W LUZ FRIA P/ APLICAR CANDELA
99032,PLAFON CUADRADO 12W LUZ CALIDA P/ EMBUTIR CANDELA
99033,PLAFON CUADRADO 12W LUZ FRIA P/ EMBUTIR CANDELA
99309,PLAFON CUADRADO 18W BACKLIGTH LUZ FRIA P/ EMBUTIR CANDELA
99031,PLAFON CUADRADO 18W LUZ CALIDA P/ EMBUTIR CANDELA
99030,PLAFON CUADRADO 18W LUZ FRIA P/ EMBUTIR CANDELA
99028,PLAFON CUADRADO 24W LUZ CALIDA P/ EMBUTIR CANDELA
99200,PLAFON CUADRADO 24W LUZ CALIDA P/ EMBUTIR GENEVE
99029,PLAFON CUADRADO 24W LUZ FRIA P/ EMBUTIR CANDELA
99012,PLAFON CUADRADO 60X60 LUZ FRIA 48W CANDELA
99314,PLAFON CUADRADO 60X60 LUZ NATURAL 48W CANDELA
99035,PLAFON CUADRADO 6W LUZ CALIDA P/ EMBUTIR CANDELA
99034,PLAFON CUADRADO 6W LUZ FRIA P/ EMBUTIR CANDELA
99130,PLAFON CUADRADO P/ APLICAR BASE METALICA GRIS C/ VIDRIO DIFUSOR LINEAS ESPEJADAS - 36 CM - 2 PORTALAMPARAS - CONECTOR E27
99129,PLAFON CUADRADO P/ APLICAR BASE METALICA GRIS C/ VIDRIO DIFUSOR MARCO ESPEJADO - 19.5 CM - 1 PORTALAMPARA - CONECTOR E27
01197,PLAFON FLUORESCENTE ESTANCO C/ BASE Y DIFUSOR - MAREA 258 X - 220-240VCA - FICHA G13 - IP65
99111,PLAFON RECTAGULAR P/ APLICAR BASE METALICA BLANCA C/ VIDRIO DIFUSOR MARCO ESPEJADO - 25 X 12 CM - 1 PORTALAMPARA - CONECTOR E27
99112,PLAFON RECTAGULAR P/ APLICAR BASE METALICA BLANCA C/ VIDRIO DIFUSOR MARCO ESPEJADO - 29 X 14 CM - 2 PORTALAMPARAS - CONECTOR E27
99236,PLAFON RECTANGULAR 28W P/ APLICAR LUZ CALIDA NRV - 595 * 295 * 9.5MM
99041,PLAFON REDONDO 12W LUZ CALIDA P/ EMBUTIR CANDELA
99040,PLAFON REDONDO 12W LUZ FRIA P/ EMBUTIR CANDELA
99308,PLAFON REDONDO 18W BACKLIGTH LUZ CALIDA P/ EMBUTIR CANDELA
99038,PLAFON REDONDO 18W LUZ CALIDA P/ EMBUTIR CANDELA
99186,PLAFON REDONDO 18W LUZ CALIDA P/ EMBUTIR LUMENAC - 3000K - TREND 18
99039,PLAFON REDONDO 18W LUZ FRIA P/ EMBUTIR CANDELA
99036,PLAFON REDONDO 24W LUZ CALIDA P/ EMBUTIR CANDELA
99037,PLAFON REDONDO 24W LUZ FRIA P/ EMBUTIR CANDELA
99042,PLAFON REDONDO 6W LUZ CALIDA P/ EMBUTIR CANDELA
99043,PLAFON REDONDO 6W LUZ FRIA P/ EMBUTIR CANDELA
00366,PLAFONES ESTANCO DOBLE 120CM
PLACAUNIVERSAL,PLAQUETA UNIVERSAL PG
QD-U10A P/P,PLAQUETA UNIVERSAL PISO TECHO
02005,PLAQUETA UNIVERSAL PISO TECHO CON VELOCIDADES
01737,POLIURETANO CHICO
01267,PORTA ARRANCADOR 2A 250V
01359,PORTA BANDEJA PARA CABLE GALVANIZADO 30X5
01162,PORTA FUSIBLE 60A
01015,PORTA FUSIBLE TIPO TABAQUERA
01019,PORTA FUSIBLE TIPO TABAQUERA
00863,PORTA LAMPARA CERAMICA E27 C/ROSCA
01207,PORTA LAMPARA CERAMICA F519
99240,PORTA LAMPARA CERAMICO C/ ROSCA GRANDE - E4O H546 5/8 - 750V - 16A - T300
09966,PORTA LAMPARA CERAMICO C/ SOPORTE ROSCA CHICA GOLIATH E27
00866,PORTA LAMPARA CERAMICO C/ SOPORTE ROSCA GRANDE GOLIATH E27
00868,PORTA LAMPARA CERAMICO CON SOPORTE L E27
00874,PORTA LAMPARA CON ROSCA P/ COLGAR DORADO
00875,PORTA LAMPARA CON ROSCA P/ FIJAR
00844,PORTA LAMPARA PARED
00849,PORTA LAMPARA PORTATIL CHICO
00862,PORTA LAMPARA PVC
00848,PORTA LAMPARA VINTAGE RETRO CON INTERRUPTOR PERILLA NEGRO E27
01021,PORTALAMPARA 3 PIEZAS
00739,PORTALAMPARA C/CHICOTE PVC E27
00741,PORTALAMPARA CERAMICA MACROLED
00740,PORTALAMPARA CERAMICA SOMBRERITO E27
99180,PORTALAMPARA P/ TECHO NEGRO C/ CADENA + FOCO VINTAGE TIPO TUBULAR
01022,PORTALAMPARA PARED RECEPTACULO CURVO
01020,PORTALAMPARA PARED RECEPTACULO RECTO
99241,PORTALAMPARAS C/ ENCHUFE + INTERRUPTOR PARA FOCO - FICHA E27
00062,PRECINTO 150MM
00063,PRECINTO 200MM
99271,PRECINTO NEGRO - ALT 1 - 100 X 2.5 MM - POR UNIDAD
99272,PRECINTO NEGRO - ALT 2 - 150 X 3.6 MM - POR UNIDAD
99273,PRECINTO NEGRO - ALT 3 - 200 X 3.6 MM - POR UNIDAD
99274,PRECINTO NEGRO - ALT 5 - 300 X 4.8 MM - POR UNIDAD
99935,"PRENSA CABLE NEGRO C/ ROSCA 1 """
99933,"PRENSA CABLE NEGRO C/ ROSCA 1 1/2 """
99934,"PRENSA CABLE NEGRO C/ ROSCA 1 1/4 """
99939,"PRENSA CABLE NEGRO C/ ROSCA 1/2 """
99937,"PRENSA CABLE NEGRO C/ ROSCA 3/4 """
99938,"PRENSA CABLE NEGRO C/ ROSCA 5/8 """
99936,"PRENSA CABLE NEGRO C/ ROSCA 7/8 """
01152,PROLONGACION COAXIL METALICA A ROSCA TELEVISION
00600,PROTECCION DE GOMA 9X5
00386,PROTECTOR DE COOLER
02001,PROTECTOR DE TENSION CON TOMA DE A
00744,PROTECTOR PARA TOMAS CORRIENTE ANTINIÑO
00325,PROTECTOR TRIFASICO PU-2500
00204,PROYECTOR DE EXTERIOR LED 150W LUZ DIA ALIC
99212,PROYECTOR ECONOMICO EXTERIOR P/ BAJO CONSUMO - SOLE ECO E27 - HASTA 80W - 220VCA
00205,PROYECTOR EXTERIOR LED 100W LUZ DIA ALIC
00212,PROYECTOR GRANDE CUADRARO
01053,PROYECTOR LED 10W
00213,PROYECTOR PARA BAJO CONSUMO ESTANCO - MINI ECO - IP 65 - 220 VCA - E27
00211,PROYECTOR PLASTICO BAJO CONSUMO. 1XE27 + PIR (245X230MM)
00206,PROYECTOR REFLECTOR PARA LAMPARA TIPO GOLEAT
00919,PULSADOR DOBLE ENCENDIDO / APAGADO CSW-BD-11000000-3VF
00858,PULSADOR P/ APLICAR TIMBRE
01326,PULSADOR UNIPOLAR 3 MODULOS - BLANCO - TECLA PLATINUM - 220V - 10A
00918,PULSADOR WEG CSW-BF2-10-3VF VERDE
00748,PUNTAS P/TESTER 99MM LARGO
01084,"PUNTERA HUECA 0,50MM COLOR BLANCA"
01081,"PUNTERA HUECA 0,75MM COLOR AZUL"
01067,"PUNTERA HUECA 0,75MM COLOR AZUL"
01078,"PUNTERA HUECA 1,50MM COLOR NEGRA"
01116,PUNTERA HUECA 1MM ROJA
01079,"PUNTERA HUECA 2,50MM COLOR GRIS X2"
01082,"PUNTERA HUECA 25,0MM COLOR NEGRO"
01080,PUNTERA HUECA 35MM COLOR ROJO
01075,PUNTERA HUECA 4MM COLOR NARANJA
01083,PUNTERA HUECA 6MM COLOR VERDE
01115,PUNTERA HUECA 6MM NARANJA
01072,PUNTERA HUECA AISLADA 10MM COLOR MARRON
01097,PUNTERA HUECA AISLADA BLANCA 16MM
01114,PUNTERA HUECA AZUL 50MM
01062,"PUNTERA HUECA SEC 1,25 1MM COLOR ROJO X2"
01113,PUNTERA HUECA VERDE 6MM
01076,PUNTERA SEC 5MM 10MM COLOR AMARILLO
COMPUNTOMA,PUNTO SIMPLE + TOMA SIMPLE 10A
01212,RECTIFICADOR (FUENTE DE ENERGIA) FCA 12/150
99908,REDUCCION 32 A 25 MM PVC CAÑO GRIS
99909,REDUCCION 40 A 25 MM PVC CAÑO GRIS
99910,REDUCCION 40 A 32 MM PVC CAÑO GRIS
99011,REFLECTOR LED 10W LUZ CALIDA CANDELA
99010,REFLECTOR LED 10W LUZ FRIA CANDELA
99007,REFLECTOR LED 150W LUZ FRIA CANDELA
99009,REFLECTOR LED 30W LUZ CALIDA CANDELA
99008,REFLECTOR LED 30W LUZ FRIA CANDELA
99191,REFLECTOR PROYECTOR EXTERIOR - SOLE E40 -250/400W - IP55 - 220VCA - MH-SAP
REF134A700G,REFRIGERANTE R 134 A LATA 900GR ANTON
00020,REFRIGERANTE R22 LATA 1KG
00019,REFRIGERANTE R22 LATA 800G
01338,REFRIGERANTE R410 XKG
00058,REGULADOR COMPLETO DE NITROGENO
00393,RELAY TELEMECANIQUE RXV21E11P7
02022,RELOJ TIMER ANALOGICO
99950,RELOJ TIMER DIGITAL
01716,RESTRICTOR
01790,RETEN DE LAVARROPAS 22-70-10
00628,"RIEL DIN 100,5CM"
00633,"RIEL DIN 19,5CM"
00632,"RIEL DIN 25,5CM"
00631,RIEL DIN 50 CM
00630,RIEL DIN 67CM
00629,"RIEL DIN 88,5CM"
00585,RIEL OLMAR 10X23MM
00587,RIEL OLMAR 40
00586,RIEL OLMAR 5X26
00889,ROCETA AMERICANA DOBLE PARA TELEFONO R11
00895,ROCETA RJ11
00899,ROLLO DE CABLE C/ FICHA RJ11
01052,ROSCA GOLIATH E40 A E27 COMUN
01684,ROSETA PARA RECEPTACULO
01788,RULEMANES #02
01789,RULEMANES #03
ROD12543,RULEMANES PARA FORZADOR DE UNIDAD EXTERIOR
01018,SECCIONADOR BAJO CARGA
99006,SELLADOR SILICONA ACETICA 280G CANDELA
00644,SELLO CORTA FUEGO ANTIEXPLOSIVO
01787,SENSORES DE CAÑO/AMBIENTE DE UNIDAD INTERIOR DE AA
01178,SOLDADOR ELECTRICO
00372,SOLDADOR ELECTRICO NARANJA 100/150W
02049,SOPORTE GRAMPA SUSPENSION TIPO G 200MM P/ BANDEJA PORTACABLE
00992,SOPORTE PARA ARTEFACTO
00577,SOPORTE PARA BANDEJA 110 MM
00576,SOPORTE PARA BANDEJA 60 MM
00575,SOPORTE PARA BANDEJA PORTACABLES 20X5
01214,SOPORTE PARA PARED (ARTEFACTO)
MLASPT18000,SOPORTE PARA UNIDAD INTERIOR EQUIPO COMERCIAL
7496,SUPLEMENTO DE CHAPA
00064,TACO DE GOMA P/PISO
00066,TACO DE GOMA ROSCADO P/MENSULA
00065,TACO DE GOMA ROSCADO P/PISO
01028,TAPA 5X10CM 3 MODULOS - BLANCA - PLATINUM
00443,"TAPA B.O 5X10CM 1,2,3 MODULOS"
00440,"TAPA B.O 5X10CM 1,2,3 MODULOS"
01246,"TAPA B.O 5X10CM 1,2,3 MODULOS"
01025,TAPA B.O 5X5CM DE 1 MODULO
01308,TAPA B.O 5X5CM DE 1 MODULO
00414,TAPA B.O 5X5CM DE 1 MODULO
01024,TAPA B.O 5X5CM DE 1 MODULO
01026,TAPA B.O 5X5CM DE 1 MODULO
00479,TAPA BASTIDOR
00418,TAPA BASTIDOR EXULTT PLEIN
01247,TAPA BASTIDOR NEGRO BRILLANTE
00419,TAPA BASTIDOR ZOLADA BLANCA
01044,TAPA BLANCA
00598,TAPA CIEGA ANTIEXPLOSIVO 11X11
00597,TAPA CIEGA ANTIEXPLOSIVO 11X7
00599,TAPA CIEGA ANTIEXPLOSIVO 9X15
00738,TAPA CIEGA CHAPA CUADRADA 10*10 CM
99252,TAPA CIEGA CHAPA CUADRADA 5X5 CM
00737,TAPA CIEGA CHAPA OCTOGONAL CHICA 7*7
00736,TAPA CIEGA CHAPA OCTOGONAL GRANDE 9*9
00730,TAPA CIEGA PVC 5*10
00729,TAPA CIEGA PVC 5*5
00735,TAPA CIEGA PVC CUADRADA 10*10 CM
00732,TAPA CIEGA PVC OCTOGONAL CHICA 7*7
00734,TAPA CIEGA PVC OCTOGONAL CHICA 7*7 CON TRABA
00731,TAPA CIEGA PVC OCTOGONAL GRANDE 9*9
00733,TAPA CIEGA PVC OCTOGONAL GRANDE 9*9 CON TRABA
00643,TAPA GALVANIZADA REDONDE ANTIEXPLOSIVA
01045,TAPA GRIS
00415,TAPA MIGNON 5X5CM 1 MODULO - BLANCO - PLATINUM
00439,TAPA MODULO TV
00417,TAPA N.B.O 5X10CM DE 3 MODULOS
01046,TAPA OCRE
01245,TAPA PARA FICHA TELEFONICA
00441,TAPA PLATINUM 5X10CM 3 MODULOS
00442,TAPA PLATINUM 5X10CM 3 MODULOS
00277,TAPA PORTA 1 MODULO DE SUPERFICIE - SISTEMA MODULAR - VERONA
01027,TAPA PORTA 2 MODULOS DE SUPERFICIE - SISTEMA MODULAR - BLANCO - VERONA
99062,TAPA REGINA 10X10 CM BLANCO 6 MODULOS - VERONA
00416,TAPA REGINA 5X10CM
01023,TAPA REGINA 5X5CM DE 1 MODULO
00436,TAPON CIEGO - 1 MODULO - PLATINUM - BLANCO
00437,TAPON CIEGO - 1 MODULO - PLATINUM - NEGRO
01297,TAPONES CIEGOS VERONA
99066,TARUGO / TACO FISCHER CON TOPE 10MM
99064,TARUGO / TACO FISCHER CON TOPE 6MM
99065,TARUGO / TACO FISCHER CON TOPE 8MM
99067,TARUGO / TACO FISCHER SIN TOPE 12MM
99081,TARUGO P/ PLACA DE YESO BLANCO
TEL-PORTERO,TELEFONO PARA PORTERO ELECTRICO ESTANDAR
00323,TEMPORIZADOR HORARIO PROGRAMABLE SECUEN
01193,TEMPORIZADOR MULTIFUNCION 12CC 10A A6
00321,TEMPORIZADOR NEUMATICO 10-180S
00322,"TEMPORIZADOR NEUMATICO T 0,1-20S"
00252,TERMICA BIPOLAR C10
00258,TERMICA BIPOLAR C15
00251,TERMICA BIPOLAR C20
00261,TERMICA BIPOLAR C25
00253,TERMICA BIPOLAR C32
00256,TERMICA BIPOLAR C32
00259,TERMICA BIPOLAR C32
01725,TERMICA BIPOLAR C40
00255,TERMICA BIPOLAR C40
00257,TERMICA BIPOLAR C5
00260,TERMICA BIPOLAR C50
00254,TERMICA BIPOLAR C6
00250,TERMICA BIPOLAR C6
00262,TERMICA BIPOLAR C63
00249,TERMICA BIPOLAR MODULAR
00282,TERMICA TETRAPOLAR C10
00293,TERMICA TETRAPOLAR C10
00280,TERMICA TETRAPOLAR C15
00291,TERMICA TETRAPOLAR C16
00287,TERMICA TETRAPOLAR C20
00286,TERMICA TETRAPOLAR C25
00285,TERMICA TETRAPOLAR C32
99214,TERMICA TETRAPOLAR C36
00288,TERMICA TETRAPOLAR C40
00292,TERMICA TETRAPOLAR C40
00283,TERMICA TETRAPOLAR C5
00284,TERMICA TETRAPOLAR C50
00281,TERMICA TETRAPOLAR C63
00289,TERMICA TETRAPOLAR D100A
00290,TERMICA TETRAPOLAR D80A
00270,TERMICA TRIPOLAR C10
00275,TERMICA TRIPOLAR C10
00263,TERMICA TRIPOLAR C15
00274,TERMICA TRIPOLAR C20
00272,TERMICA TRIPOLAR C20
00279,TERMICA TRIPOLAR C25
00276,TERMICA TRIPOLAR C25
00266,TERMICA TRIPOLAR C25
00264,TERMICA TRIPOLAR C3
00271,TERMICA TRIPOLAR C32
00278,TERMICA TRIPOLAR C40
00265,TERMICA TRIPOLAR C40
00268,TERMICA TRIPOLAR C5
00267,TERMICA TRIPOLAR C50
00273,TERMICA TRIPOLAR C63
00269,TERMICA TRIPOLAR C63
00239,TERMICA UNIPOLAR C10
00245,TERMICA UNIPOLAR C10
00240,TERMICA UNIPOLAR C15
00246,TERMICA UNIPOLAR C20
00241,TERMICA UNIPOLAR C20
00242,TERMICA UNIPOLAR C25
00247,TERMICA UNIPOLAR C32
00238,TERMICA UNIPOLAR C5
00243,TERMICA UNIPOLAR C50
00244,TERMICA UNIPOLAR C63
00248,TERMICA UNIPOLAR C63
01103,TERMINAL BLOCK 10MM COLOR GRIS
01099,"TERMINAL BLOCK 2,5 MM COLOR GRIS"
01100,"TERMINAL BLOCK 2,5MM COLOR GRIS"
01101,TERMINAL BLOCK 4MM COLOR GRIS
01104,TERMINAL BLOCK 4MM COLOR VERDE AMARILLO
01105,TERMINAL BLOCK 6MM COLOR AZUL
01106,TERMINAL BLOCK 6MM COLOR AZUL
01102,TERMINAL BLOCK 6MM COLOR GRIS
01107,TERMINAL BLOCK 6MM COLOR VERDE
01092,"TERMINAL DE COBRE 1,5MM"
01091,"TERMINAL DE COBRE 2,5 MM"
01096,TERMINAL DE COBRE 25MM
01089,TERMINAL DE COBRE 4MM
01125,TERMINAL DE COBRE 6MM
01093,TERMINAL DE COBRE 6MM
01095,TERMINAL DE COBRE OJAL 1/4 25MM
01111,TERMINAL DE COBRE OJAL 3/8 25MM
00978,"TERMINAL DE OJAL COLOR AMARILLO SEC 2,70/6,60 3MM"
00983,"TERMINAL DE OJAL COLOR AMARILLO SEC 2,70/6,60 5MM"
00980,TERMINAL DE OJAL COLOR AZUL SEC 150/260 3MM
00979,TERMINAL DE OJAL COLOR AZUL SEC 150/260 4MM
00985,TERMINAL DE OJAL COLOR AZUL SEC 150/260 6MM
00984,TERMINAL DE OJAL COLOR AZUL SEC 150/260 8MM
00981,"TERMINAL DE OJAL COLOR ROJO SEC 0,25/1,60 8MM"
00982,"TERMINAL DE OJAL COLOR ROJO SEC 0,25/160 10MM"
00977,"TERMINAL DE OJAL COLOR ROJO SEC 0,25/160 3MM"
00976,"TERMINAL DE OJAL COLOR ROJO SEC 0,25/160 4MM"
01123,TERMINAL DESNUDO DE COBRE 120MM
01118,TERMINAL DESNUDO DE COBRE 240MM
01121,TERMINAL DESNUDO DE COBRE 25MM
01119,TERMINAL DESNUDO DE COBRE 35MM 3/8
01122,TERMINAL DESNUDO DE COBRE 50MM
01124,TERMINAL DESNUDO DE COBRE 70MM
01054,"TERMINAL OJAL SEC 0,25/1,60 5MM COLOR ROJO"
01117,"TERMINAL OJAL SEC 1,25 4MM COLOR ROJO"
01085,"TERMINAL PALA HEMBRA 6,3MM COLOR AZUL"
01276,TERMINAL PALA MACHO AZUL
01278,TERMINAL PALA MACHO ROJO
01277,TERMINAL PARA MACHO AMARILLO
01146,TERMINAL SEMIDESNUDO DE COBRE 150
99078,TERMINAL SEMIDESNUDO DE COBRE 180
01148,TERMINAL SEMIDESNUDO DE COBRE 195
01145,TERMINAL SEMIDESNUDO DE COBRE 200
01144,TERMINAL SEMIDESNUDO DE COBRE 50
01147,TERMINAL SEMIDESNUDO DE COBRE 500
01140,TERMINAL SEMIDESNUDO DE COBRE 70
01141,TERMINAL SEMIDESNUDO DE COBRE 95
01143,TERMINAL SEMIDESNUDO DE COBRE 95
01142,TERMINAL SEMIDESNUDO DE DOS BOCAS 120
01176,TERMINAL SEMIDESNUDO SEC 25/10
TINER,THINNER SELLO DE ORO DILUYENTE SINTEPLAST 1LTS PINTUMM
01030,TIJERA CORTA CAPILAR DTC-01
00986,TIMBRE INALAMBRICO
00387,TIMBRE V-ZORR
00987,TIMBRE V-ZORR NEW DESIGN
00320,TIMMER DIGITAL PARA RIEL DIN
00559,TIRA LED 5 METROS 72W 5050 12V IP45 DIMEABLE - BLANCO FRIO - MACROLED
01171,TIRA LED FRIO 5 MTS
99215,TIRA LED NEON FLEXIBLE 5 METROS - VARIOS COLORES
01170,TIRA LED STRIP RGB 5 METROS C/ CONTROL Y FUENTE
99082,TIRAFONDO 1/4
00051,TIRAFONDO 10MM
00052,TIRAFONDO 12MM
01179,TOMA 10 POLO 16A
01312,TOMA BIPOLAR + TIERRA - 10A
01313,TOMA BIPOLAR + TIERRA - 20A P/APLICAR - LINEA SUPERFICIE - VERONA
99269,TOMA CABLE MORDAZA P/ JABALINA 1/14 (JL 14) T2
00406,"TOMA CORRIENTE BIPOLAR + TIERRA PLATINUM 250VCA - 10A ""CONEXION POSTERIOR"""
00405,"TOMA CORRIENTE BIPOLAR + TIERRA PLATINUM 250VCA - 10A ""CONEXION POSTERIOR"""
01321,TOMA DATOS RJ45 CAT.5 - BLANCO - PLATINUM
00847,TOMA DE 20 A P/APLICAR
01043,TOMA DOBLE
COMTOMADOBLE,TOMA DOBLE ARMADO
00845,TOMA DOBLE EXTERIOR P/APLICAR
02012,TOMA RED RJ45 - BLANCO CAMBRE
01695,TOMA RJ 45 CAT.5
00407,TOMA SHNEIDER DOBLE 10A
00408,TOMA SICA DOBLE 10A
01393,TOMA SIMPLE
00438,TOMA TV C/ACOPLE ROSCADO PIN FINO
99063,TOMA USB + TOMA USB C - BLANCO - 240V - 3A - PLATINIUM
00846,TOMA Y PUNTO EXTERIOR P/APLICAR
03001,TOMACORRIENTE 415V 32A 3P+T
01320,TOMACORRIENTE BIPOLAR + TIERRA - 250VCA - 20A - PLATINUM
01319,TOMACORRIENTE BIPOLAR + TIERRA 250VCA - 10A - CONEXION LATERAL - PLATINUM - NEGRO
00887,TOMACORRIENTE BIPOLAR + TIERRA 250VCA - 10A - SALIDA LATERAL
01292,TOMACORRIENTE BIPOLAR + TIERRA 250VCA - 10A - SALIDA LATERAL
00435,"TOMACORRIENTE BIPOLAR + TIERRA 250VCA - 10A ""CONEXION LATERAL"""
00424,TOMACORRIENTE BIPOLAR + TIERRA PLATINUM 250VCA - 20A
00425,TOMACORRIENTE BIPOLAR + TIERRA PLATINUM 250VCA - 20A
99229,TOMACORRIENTE DE ACOPLE - 2P+T 230V 32A - IP44 - 6H
99228,TOMACORRIENTE DE ACOPLE - 3P+N+T 400V 16A - IP44 - 6H
99226,TOMACORRIENTE DE ACOPLE - 3P+N+T 400V 32A - IP44 - 6H
99227,TOMACORRIENTE DE ACOPLE - 3P+T 400V 16A - IP44 - 6H
00350,TOMACORRIENTE DE ACOPLE 230-32A
01689,TOMACORRIENTE DE ACOPLE 400V 16A
00348,TOMACORRIENTE DE ACOPLE 400V-16A
00349,TOMACORRIENTE DE ACOPLE 400V-32
01284,TOMACORRIENTE DE ACOPLE 415V - 16A 3P+N+T
01283,TOMACORRIENTE DE ACOPLE 415V - 32A 3P+T
99230,TOMACORRIENTE DE AMURAR - 2P+T 230V 16A - IP44 - 6H
99231,TOMACORRIENTE DE AMURAR - 2P+T 230V 32A - IP44 - 6H
99235,TOMACORRIENTE DE AMURAR - 3P+N+T 400V 16A - IP44 - 6H
99234,TOMACORRIENTE DE AMURAR - 3P+N+T 400V 32A - IP44 - 6H
99232,TOMACORRIENTE DE AMURAR - 3P+T 400V 16A - IP44 - 6H
99233,TOMACORRIENTE DE AMURAR - 3P+T 400V 32A - IP44 - 6H
01288,TOMACORRIENTE DE AMURAR 20-25V - 16A 2P
00347,TOMACORRIENTE DE AMURAR 230V-16A
00346,TOMACORRIENTE DE AMURAR 230V-32A
01287,TOMACORRIENTE DE AMURAR 250V - 16A 2P+T
01289,TOMACORRIENTE DE AMURAR 380-440V - 32A
01690,TOMACORRIENTE DE AMURAR 400V 32A
00344,TOMACORRIENTE DE AMURAR 400V-16A
00345,TOMACORRIENTE DE AMURAR 400V-32A
01285,TOMACORRIENTE DE AMURAR 415V - 16A 3P+T
01286,TOMACORRIENTE DE AMURAR 415V - 32A 3P+N+T
03000,TOMACORRIENTE DE AMURAR 415V 16A 3P+N+T
99216,TOMACORRIENTE DE EMBUTIR - 2P+T 230V 32A - IP44 - 6H
99218,TOMACORRIENTE DE EMBUTIR - 3P+N+T 400V 16A - IP44 - 6H
99220,TOMACORRIENTE DE EMBUTIR - 3P+N+T 400V 32A - IP44 - 6H
99217,TOMACORRIENTE DE EMBUTIR - 3P+T 400V 16A - IP44 - 6H
99219,TOMACORRIENTE DE EMBUTIR - 3P+T 400V 32A - IP44 - 6H
00343,TOMACORRIENTE DE EMBUTIR 230V
01688,TOMACORRIENTE DE EMBUTIR 400V 16A
01687,TOMACORRIENTE DE EMBUTIR 400V 32A
00341,TOMACORRIENTE DE EMBUTIR 400V-16A
00342,TOMACORRIENTE DE EMBUTIR 400V-32A
01307,TOMACORRIENTE DOBLE BIPOLAR + TIERRA VERONA 250VCA - 2X10A
01331,TOMACORRIENTE MOVIL BIPOLAR + TIERRA - 250V - 10A - BLANCO - HEMBRA
01138,TOMAS CHYKO 16A
01108,TOPES DE BORNERA COLOR GRIS
99086,TORNILLO AUTOPERFORANTE 6 X 1 MADERA DRYWALL
99083,TORNILLO AUTOPERFORANTE T1 PUNTA MECHA 8 X 1/2
99085,TORNILLO AUTOPERFORANTE T2 6 X 1 DRYWALL / DURLOCK
99084,TORNILLO CABEZA TANQUE T1 PUNTA AGUJA 8 X 1/2
01717,TORNILLO T1
01345,TORNILLO T2
09998,TORNILLO T2 PUNTA AGUJA
99076,"TORNILLO TIRAFONDO DEL N° 10 1/4"""
01328,TORNILLOS PARA BASTIDOR VERONA
01309,TORNILLOS PARA EXTERIOR VERONA
99079,TORNILLOS PARKER
00339,TRANSFORMADOR LUXELL 220V-3000MA
01172,TRANSFORMADOR P/ TIRA LED INTERIOR JSY-1230
01169,TRANSFORMADOR PARA DICROICAS 24 VOLTS MAXIMO 100WATS
00337,TRANSFORMADOR RIPPLESS E: 220VCA-50HZ
01168,TRANSFORMADORES 220V-110V 100WATS
00338,TRANSFORMADORES DILOC PARA DICROICA 24V
00360,TUBO FLUORESCENTES 30W (OSRAM)
00356,TUBO FLUORESCENTES 30W (SYLVANYA)
00362,TUBO FLUORESCENTES 36W (GENERAL ELECTRIC)
00359,TUBO FLUORESCENTES 36W (NARVA)
00358,TUBO FLUORESCENTES 36W (PHILIPS)
00357,TUBO FLUORESCENTES 58W (GOODYEAR)
00361,TUBO FLUORESCENTES 58W (PHILIPS)
00354,TUBO LED 12W 90CM LUZ FRIA 6000K (MACROLED)
00355,TUBO LED 18W 120CM VIDRIO (SICA)
99259,TUBO LED 40W 240CM - EQUIVALE 105W
00531,TUBO LED 9W 60CM T8 LUZ FRIA (ALIC)
02020,TUBO PVC SANITARIO 63MM X 4MTS
00970,"TUBO TERMOCONTRAIBLE 13,0MM"
00971,"TUBO TERMOCONTRAIBLE 19,10MM"
00972,"TUBO TERMOCONTRAIBLE 25,4MM"
00966,"TUBO TERMOCONTRAIBLE 3,2MM"
00967,"TUBO TERMOCONTRAIBLE 6,0MM"
00968,"TUBO TERMOCONTRAIBLE 6,4MM"
00969,"TUBO TERMOCONTRAIBLE 9,5MM"
09976,TUERCA ACERO HEXAGONAL 4M / 4 X 8 X 2 MM
09975,TUERCA ACERO HEXAGONAL 5 X 11 X 5 MM
09977,TUERCA ACERO HEXAGONAL 6M / 5 X 9.5 MM
00037,"TUERCA BRONCE 1"""
00034,"TUERCA BRONCE 1/2"""
00032,"TUERCA BRONCE 1/4"""
00036,"TUERCA BRONCE 3/4"""
00033,"TUERCA BRONCE 3/8"""
00035,"TUERCA BRONCE 5/8"""
99088,TUERCA HEXAGONAL 5/16
01211,TUERCA Y TORNILLO PARA BANDEJA PORTA CABLE
TURFORZUI300FG,TURBINA DE FORZADOR DE UNIDAD INTERIOR AA3000FG
01279,"UNION 0,75MM 4,5MM COLOR ROJA"
01098,UNION 6MM COLOR AMARILLO
01174,UNION CAÑO - CAJA IP65 D25
01086,UNION DE COBRE 10MM
01094,UNION DE COBRE 16MM
01087,"UNION DE COBRE 2,5MM"
01090,UNION DE COBRE 4MM
01088,UNION DE COBRE 6MM
01126,UNION DE COBRE 70MM / 35MM
01120,UNION DE COBRE ESTAÑADO 95MM
00610,UNION LATERAL T PARA BANDEJA 30CM
02036,UNION PARA BANDEJA 20X5
99912,UNION T PVC CAÑO GRIS 25 MM
01136,USB MINI FAN
00059,VALVULA DE CARGA (COLITA DE CARGA)
01322,VARIADOR DE INTENSIDAD P/ LAMPARA LED DIMERIZABLE - BLANCO - 220V - 0.8A - 150W - PLATINUM
01323,VARIADOR DE LUZ INCANDESCENTE - BLANCO - 220V - 1A - 300W - PLATINUM
01324,VARIADOR P/ VENTILADOR DE TECHO - BLANCO - 220VCA - 1A - 150W - PLATINUM
00054,VARILLA AZUL C/DECAPANTE
01741,VARILLA CABLE CANAL 30X40 1MTS
01339,VARILLA CABLE CANAL CHICO C/ADH 20X10 2M
01047,VARILLA DE PLATA
99258,VARILLA DE PLATA HARRIS P/ SOLDAR
00053,VARILLA SIMIL PLATA HARRIS
99167,VENTILADOR DE TECHO PALAS DE MADERA - COLOR COBRE VIEJO
99166,VENTILADOR DE TECHO PALAS DE MADERA - COLOR PLATIL
99164,VENTILADOR DE TECHO PALAS METALICAS - COLOR BLANCO
99165,VENTILADOR DE TECHO PALAS METALICAS - COLOR MARRON
00409,VERONA ARMADA 5X10 SIN TAPA 1 INTERRUPTOR UNIPOLAR TECLA ARCO
00410,VERONA ARMADA 5X10 SIN TAPA 2 INTERRUPTORES UNIPOLAR TECLA ARCO
99195,VIDRIO DIFUSOR CHICO CUADRADO S/ PORTALAMPARA - 19 X 8 CM
99197,VIDRIO DIFUSOR CILINDRICO S/ PORTALAMPARA - 19 X 9 CM
99198,VIDRIO DIFUSOR CONICO S/ PORTALAMPARA - 32 X 12 CM
99194,VIDRIO DIFUSOR CUADRADO GRANDE S/ PORTALAMPARA - 25 X 8 CM
99196,VIDRIO DIFUSOR TIPO CAMPANA SEMI CUADRADO S/ PORTALAMPARA - 26 CM
99211,VIDRIO DIFUSOR TULIPA CILINDRICO - 10 X 7 CM
00917,ZAPATILLA / TOMA MULTIPLE 4 TOMAS C/ TERMICO S/ CABLE - KALOP
00861,ZOCALO CERAMICO PARA DICROICA GU10
00860,ZOCALO COMPLETO P/ TUBO FLUORESCENTE
01268,ZOCALO G10Q
01209,ZOCALO G9 SENTAI K540A
01208,ZOCALO GU5.3 MAX 50W
00857,ZOCALO P/ TUBO FLUORESCENTE
00745,ZOCALO PARA FOTACELULA NEMA 10A
00859,ZOCALO PARA TUBO LED
01206,ZOCALO PARA TUBO LED
01269,ZOCALO R75 78MM
01270,ZOCALO R75118MM
00326,ZUMBADOR EXTERIOR RECTANGULAR CHICO